project_number_int,property_type_en,rooms_en,reg_type_en,transaction_year,median_price_sqft,transaction_count,median_unit_size_sqft,2003,2004,2005,2006,2007,2008,2009,2010,2011,2012,2013,2014,2015,2016,2017,2018,2019,2020,2021,2022,2023,2024,2025,growth_2003_to_2004,growth_2004_to_2005,growth_2005_to_2006,growth_2006_to_2007,growth_2007_to_2008,growth_2008_to_2009,growth_2009_to_2010,growth_2010_to_2011,growth_2011_to_2012,growth_2012_to_2013,growth_2013_to_2014,growth_2014_to_2015,growth_2015_to_2016,growth_2016_to_2017,growth_2017_to_2018,growth_2018_to_2019,growth_2019_to_2020,growth_2020_to_2021,growth_2021_to_2022,growth_2022_to_2023,growth_2023_to_2024,growth_2024_to_2025,CAGR_2021_to_2025,project_id,project_name,developer_name,area_name_en,master_project_en,project_status,completion_date,project_start_date,no_of_units,no_of_buildings,no_of_villas,no_of_lands,project_type,project_classification,has_project_info,buildings_count,transactions_count,price_growth_rank,price_growth_rank_in_area,micro_segment,micro_segment_with_dev,short_term_growth,medium_term_growth,long_term_cagr,short_term_growth_rank,short_term_growth_rank_in_area,short_term_growth_rank_by_developer,medium_term_growth_rank,medium_term_growth_rank_in_area,medium_term_growth_rank_by_developer,long_term_cagr_rank,long_term_cagr_rank_in_area,long_term_cagr_rank_by_developer,growth_acceleration,is_emerging
149.0,Apartment,1 B/R,Existing Properties,2012,1049.8095503530287,85,750.3584399999999,,,,,,,,,,1049.8095503530287,1137.4489037532517,1110.2285395763656,1334.1606280193237,1279.9228911185432,1307.8112225938314,1093.13127090301,863.8145670754367,1138.47082868822,791.6457636566333,923.2329988851728,1019.6906354515052,1266.4947974730585,1513.621330360461,,,,,,,,,,8.348119272753006,-2.3931065463307144,20.169909208819718,-4.065307861865253,2.1789071567362983,-16.41520947228442,-20.97796576966829,31.79574321635603,-30.464115222979306,16.621984386139378,10.447810756635366,24.203827459126547,19.512637034157223,13.84062448354344,149.0,Goldcrest Executive,Nakheel Company (PJSC),Al Thanyah Fifth,Jumeirah Lakes Towers,FINISHED,2009-02-09,2006-04-25,574.0,1.0,0.0,0.0,normal,Buildings,True,1,778,10.0,3.0,Apartment | Existing Properties | 1 B/R | Al Thanyah Fifth,Apartment | Existing Properties | 1 B/R | Al Thanyah Fifth | Nakheel Company (PJSC),19.512637034157223,10.447810756635366,13.84062448354344,10.0,3.0,3.0,871.0,58.0,85.0,5.0,2.0,2.0,9.064826277521856,True
149.0,Apartment,1 B/R,Existing Properties,2013,1137.4489037532517,58,769.8412799999999,,,,,,,,,,1049.8095503530287,1137.4489037532517,1110.2285395763656,1334.1606280193237,1279.9228911185432,1307.8112225938314,1093.13127090301,863.8145670754367,1138.47082868822,791.6457636566333,923.2329988851728,1019.6906354515052,1266.4947974730585,1513.621330360461,,,,,,,,,,8.348119272753006,-2.3931065463307144,20.169909208819718,-4.065307861865253,2.1789071567362983,-16.41520947228442,-20.97796576966829,31.79574321635603,-30.464115222979306,16.621984386139378,10.447810756635366,24.203827459126547,19.512637034157223,13.84062448354344,149.0,Goldcrest Executive,Nakheel Company (PJSC),Al Thanyah Fifth,Jumeirah Lakes Towers,FINISHED,2009-02-09,2006-04-25,574.0,1.0,0.0,0.0,normal,Buildings,True,1,778,10.0,3.0,Apartment | Existing Properties | 1 B/R | Al Thanyah Fifth,Apartment | Existing Properties | 1 B/R | Al Thanyah Fifth | Nakheel Company (PJSC),19.512637034157223,10.447810756635366,13.84062448354344,10.0,3.0,3.0,871.0,58.0,85.0,5.0,2.0,2.0,9.064826277521856,True
149.0,Apartment,1 B/R,Existing Properties,2014,1110.2285395763656,25,639.05868,,,,,,,,,,1049.8095503530287,1137.4489037532517,1110.2285395763656,1334.1606280193237,1279.9228911185432,1307.8112225938314,1093.13127090301,863.8145670754367,1138.47082868822,791.6457636566333,923.2329988851728,1019.6906354515052,1266.4947974730585,1513.621330360461,,,,,,,,,,8.348119272753006,-2.3931065463307144,20.169909208819718,-4.065307861865253,2.1789071567362983,-16.41520947228442,-20.97796576966829,31.79574321635603,-30.464115222979306,16.621984386139378,10.447810756635366,24.203827459126547,19.512637034157223,13.84062448354344,149.0,Goldcrest Executive,Nakheel Company (PJSC),Al Thanyah Fifth,Jumeirah Lakes Towers,FINISHED,2009-02-09,2006-04-25,574.0,1.0,0.0,0.0,normal,Buildings,True,1,778,10.0,3.0,Apartment | Existing Properties | 1 B/R | Al Thanyah Fifth,Apartment | Existing Properties | 1 B/R | Al Thanyah Fifth | Nakheel Company (PJSC),19.512637034157223,10.447810756635366,13.84062448354344,10.0,3.0,3.0,871.0,58.0,85.0,5.0,2.0,2.0,9.064826277521856,True
149.0,Apartment,1 B/R,Existing Properties,2015,1334.1606280193237,10,639.05868,,,,,,,,,,1049.8095503530287,1137.4489037532517,1110.2285395763656,1334.1606280193237,1279.9228911185432,1307.8112225938314,1093.13127090301,863.8145670754367,1138.47082868822,791.6457636566333,923.2329988851728,1019.6906354515052,1266.4947974730585,1513.621330360461,,,,,,,,,,8.348119272753006,-2.3931065463307144,20.169909208819718,-4.065307861865253,2.1789071567362983,-16.41520947228442,-20.97796576966829,31.79574321635603,-30.464115222979306,16.621984386139378,10.447810756635366,24.203827459126547,19.512637034157223,13.84062448354344,149.0,Goldcrest Executive,Nakheel Company (PJSC),Al Thanyah Fifth,Jumeirah Lakes Towers,FINISHED,2009-02-09,2006-04-25,574.0,1.0,0.0,0.0,normal,Buildings,True,1,778,10.0,3.0,Apartment | Existing Properties | 1 B/R | Al Thanyah Fifth,Apartment | Existing Properties | 1 B/R | Al Thanyah Fifth | Nakheel Company (PJSC),19.512637034157223,10.447810756635366,13.84062448354344,10.0,3.0,3.0,871.0,58.0,85.0,5.0,2.0,2.0,9.064826277521856,True
149.0,Apartment,1 B/R,Existing Properties,2016,1279.9228911185432,16,769.8412799999999,,,,,,,,,,1049.8095503530287,1137.4489037532517,1110.2285395763656,1334.1606280193237,1279.9228911185432,1307.8112225938314,1093.13127090301,863.8145670754367,1138.47082868822,791.6457636566333,923.2329988851728,1019.6906354515052,1266.4947974730585,1513.621330360461,,,,,,,,,,8.348119272753006,-2.3931065463307144,20.169909208819718,-4.065307861865253,2.1789071567362983,-16.41520947228442,-20.97796576966829,31.79574321635603,-30.464115222979306,16.621984386139378,10.447810756635366,24.203827459126547,19.512637034157223,13.84062448354344,149.0,Goldcrest Executive,Nakheel Company (PJSC),Al Thanyah Fifth,Jumeirah Lakes Towers,FINISHED,2009-02-09,2006-04-25,574.0,1.0,0.0,0.0,normal,Buildings,True,1,778,10.0,3.0,Apartment | Existing Properties | 1 B/R | Al Thanyah Fifth,Apartment | Existing Properties | 1 B/R | Al Thanyah Fifth | Nakheel Company (PJSC),19.512637034157223,10.447810756635366,13.84062448354344,10.0,3.0,3.0,871.0,58.0,85.0,5.0,2.0,2.0,9.064826277521856,True
149.0,Apartment,1 B/R,Existing Properties,2017,1307.8112225938314,11,639.05868,,,,,,,,,,1049.8095503530287,1137.4489037532517,1110.2285395763656,1334.1606280193237,1279.9228911185432,1307.8112225938314,1093.13127090301,863.8145670754367,1138.47082868822,791.6457636566333,923.2329988851728,1019.6906354515052,1266.4947974730585,1513.621330360461,,,,,,,,,,8.348119272753006,-2.3931065463307144,20.169909208819718,-4.065307861865253,2.1789071567362983,-16.41520947228442,-20.97796576966829,31.79574321635603,-30.464115222979306,16.621984386139378,10.447810756635366,24.203827459126547,19.512637034157223,13.84062448354344,149.0,Goldcrest Executive,Nakheel Company (PJSC),Al Thanyah Fifth,Jumeirah Lakes Towers,FINISHED,2009-02-09,2006-04-25,574.0,1.0,0.0,0.0,normal,Buildings,True,1,778,10.0,3.0,Apartment | Existing Properties | 1 B/R | Al Thanyah Fifth,Apartment | Existing Properties | 1 B/R | Al Thanyah Fifth | Nakheel Company (PJSC),19.512637034157223,10.447810756635366,13.84062448354344,10.0,3.0,3.0,871.0,58.0,85.0,5.0,2.0,2.0,9.064826277521856,True
149.0,Apartment,1 B/R,Existing Properties,2018,1093.13127090301,10,769.8412799999999,,,,,,,,,,1049.8095503530287,1137.4489037532517,1110.2285395763656,1334.1606280193237,1279.9228911185432,1307.8112225938314,1093.13127090301,863.8145670754367,1138.47082868822,791.6457636566333,923.2329988851728,1019.6906354515052,1266.4947974730585,1513.621330360461,,,,,,,,,,8.348119272753006,-2.3931065463307144,20.169909208819718,-4.065307861865253,2.1789071567362983,-16.41520947228442,-20.97796576966829,31.79574321635603,-30.464115222979306,16.621984386139378,10.447810756635366,24.203827459126547,19.512637034157223,13.84062448354344,149.0,Goldcrest Executive,Nakheel Company (PJSC),Al Thanyah Fifth,Jumeirah Lakes Towers,FINISHED,2009-02-09,2006-04-25,574.0,1.0,0.0,0.0,normal,Buildings,True,1,778,10.0,3.0,Apartment | Existing Properties | 1 B/R | Al Thanyah Fifth,Apartment | Existing Properties | 1 B/R | Al Thanyah Fifth | Nakheel Company (PJSC),19.512637034157223,10.447810756635366,13.84062448354344,10.0,3.0,3.0,871.0,58.0,85.0,5.0,2.0,2.0,9.064826277521856,True
149.0,Apartment,1 B/R,Existing Properties,2019,863.8145670754367,5,639.05868,,,,,,,,,,1049.8095503530287,1137.4489037532517,1110.2285395763656,1334.1606280193237,1279.9228911185432,1307.8112225938314,1093.13127090301,863.8145670754367,1138.47082868822,791.6457636566333,923.2329988851728,1019.6906354515052,1266.4947974730585,1513.621330360461,,,,,,,,,,8.348119272753006,-2.3931065463307144,20.169909208819718,-4.065307861865253,2.1789071567362983,-16.41520947228442,-20.97796576966829,31.79574321635603,-30.464115222979306,16.621984386139378,10.447810756635366,24.203827459126547,19.512637034157223,13.84062448354344,149.0,Goldcrest Executive,Nakheel Company (PJSC),Al Thanyah Fifth,Jumeirah Lakes Towers,FINISHED,2009-02-09,2006-04-25,574.0,1.0,0.0,0.0,normal,Buildings,True,1,778,10.0,3.0,Apartment | Existing Properties | 1 B/R | Al Thanyah Fifth,Apartment | Existing Properties | 1 B/R | Al Thanyah Fifth | Nakheel Company (PJSC),19.512637034157223,10.447810756635366,13.84062448354344,10.0,3.0,3.0,871.0,58.0,85.0,5.0,2.0,2.0,9.064826277521856,True
149.0,Apartment,1 B/R,Existing Properties,2020,1138.47082868822,3,639.05868,,,,,,,,,,1049.8095503530287,1137.4489037532517,1110.2285395763656,1334.1606280193237,1279.9228911185432,1307.8112225938314,1093.13127090301,863.8145670754367,1138.47082868822,791.6457636566333,923.2329988851728,1019.6906354515052,1266.4947974730585,1513.621330360461,,,,,,,,,,8.348119272753006,-2.3931065463307144,20.169909208819718,-4.065307861865253,2.1789071567362983,-16.41520947228442,-20.97796576966829,31.79574321635603,-30.464115222979306,16.621984386139378,10.447810756635366,24.203827459126547,19.512637034157223,13.84062448354344,149.0,Goldcrest Executive,Nakheel Company (PJSC),Al Thanyah Fifth,Jumeirah Lakes Towers,FINISHED,2009-02-09,2006-04-25,574.0,1.0,0.0,0.0,normal,Buildings,True,1,778,10.0,3.0,Apartment | Existing Properties | 1 B/R | Al Thanyah Fifth,Apartment | Existing Properties | 1 B/R | Al Thanyah Fifth | Nakheel Company (PJSC),19.512637034157223,10.447810756635366,13.84062448354344,10.0,3.0,3.0,871.0,58.0,85.0,5.0,2.0,2.0,9.064826277521856,True
149.0,Apartment,1 B/R,Existing Properties,2021,791.6457636566333,2,769.8412799999999,,,,,,,,,,1049.8095503530287,1137.4489037532517,1110.2285395763656,1334.1606280193237,1279.9228911185432,1307.8112225938314,1093.13127090301,863.8145670754367,1138.47082868822,791.6457636566333,923.2329988851728,1019.6906354515052,1266.4947974730585,1513.621330360461,,,,,,,,,,8.348119272753006,-2.3931065463307144,20.169909208819718,-4.065307861865253,2.1789071567362983,-16.41520947228442,-20.97796576966829,31.79574321635603,-30.464115222979306,16.621984386139378,10.447810756635366,24.203827459126547,19.512637034157223,13.84062448354344,149.0,Goldcrest Executive,Nakheel Company (PJSC),Al Thanyah Fifth,Jumeirah Lakes Towers,FINISHED,2009-02-09,2006-04-25,574.0,1.0,0.0,0.0,normal,Buildings,True,1,778,10.0,3.0,Apartment | Existing Properties | 1 B/R | Al Thanyah Fifth,Apartment | Existing Properties | 1 B/R | Al Thanyah Fifth | Nakheel Company (PJSC),19.512637034157223,10.447810756635366,13.84062448354344,10.0,3.0,3.0,871.0,58.0,85.0,5.0,2.0,2.0,9.064826277521856,True
149.0,Apartment,1 B/R,Existing Properties,2022,923.2329988851728,13,769.8412799999999,,,,,,,,,,1049.8095503530287,1137.4489037532517,1110.2285395763656,1334.1606280193237,1279.9228911185432,1307.8112225938314,1093.13127090301,863.8145670754367,1138.47082868822,791.6457636566333,923.2329988851728,1019.6906354515052,1266.4947974730585,1513.621330360461,,,,,,,,,,8.348119272753006,-2.3931065463307144,20.169909208819718,-4.065307861865253,2.1789071567362983,-16.41520947228442,-20.97796576966829,31.79574321635603,-30.464115222979306,16.621984386139378,10.447810756635366,24.203827459126547,19.512637034157223,13.84062448354344,149.0,Goldcrest Executive,Nakheel Company (PJSC),Al Thanyah Fifth,Jumeirah Lakes Towers,FINISHED,2009-02-09,2006-04-25,574.0,1.0,0.0,0.0,normal,Buildings,True,1,778,10.0,3.0,Apartment | Existing Properties | 1 B/R | Al Thanyah Fifth,Apartment | Existing Properties | 1 B/R | Al Thanyah Fifth | Nakheel Company (PJSC),19.512637034157223,10.447810756635366,13.84062448354344,10.0,3.0,3.0,871.0,58.0,85.0,5.0,2.0,2.0,9.064826277521856,True
149.0,Apartment,1 B/R,Existing Properties,2023,1019.6906354515052,9,769.8412799999999,,,,,,,,,,1049.8095503530287,1137.4489037532517,1110.2285395763656,1334.1606280193237,1279.9228911185432,1307.8112225938314,1093.13127090301,863.8145670754367,1138.47082868822,791.6457636566333,923.2329988851728,1019.6906354515052,1266.4947974730585,1513.621330360461,,,,,,,,,,8.348119272753006,-2.3931065463307144,20.169909208819718,-4.065307861865253,2.1789071567362983,-16.41520947228442,-20.97796576966829,31.79574321635603,-30.464115222979306,16.621984386139378,10.447810756635366,24.203827459126547,19.512637034157223,13.84062448354344,149.0,Goldcrest Executive,Nakheel Company (PJSC),Al Thanyah Fifth,Jumeirah Lakes Towers,FINISHED,2009-02-09,2006-04-25,574.0,1.0,0.0,0.0,normal,Buildings,True,1,778,10.0,3.0,Apartment | Existing Properties | 1 B/R | Al Thanyah Fifth,Apartment | Existing Properties | 1 B/R | Al Thanyah Fifth | Nakheel Company (PJSC),19.512637034157223,10.447810756635366,13.84062448354344,10.0,3.0,3.0,871.0,58.0,85.0,5.0,2.0,2.0,9.064826277521856,True
149.0,Apartment,1 B/R,Existing Properties,2024,1266.4947974730585,10,704.4499799999999,,,,,,,,,,1049.8095503530287,1137.4489037532517,1110.2285395763656,1334.1606280193237,1279.9228911185432,1307.8112225938314,1093.13127090301,863.8145670754367,1138.47082868822,791.6457636566333,923.2329988851728,1019.6906354515052,1266.4947974730585,1513.621330360461,,,,,,,,,,8.348119272753006,-2.3931065463307144,20.169909208819718,-4.065307861865253,2.1789071567362983,-16.41520947228442,-20.97796576966829,31.79574321635603,-30.464115222979306,16.621984386139378,10.447810756635366,24.203827459126547,19.512637034157223,13.84062448354344,149.0,Goldcrest Executive,Nakheel Company (PJSC),Al Thanyah Fifth,Jumeirah Lakes Towers,FINISHED,2009-02-09,2006-04-25,574.0,1.0,0.0,0.0,normal,Buildings,True,1,778,10.0,3.0,Apartment | Existing Properties | 1 B/R | Al Thanyah Fifth,Apartment | Existing Properties | 1 B/R | Al Thanyah Fifth | Nakheel Company (PJSC),19.512637034157223,10.447810756635366,13.84062448354344,10.0,3.0,3.0,871.0,58.0,85.0,5.0,2.0,2.0,9.064826277521856,True
149.0,Apartment,1 B/R,Existing Properties,2025,1513.621330360461,2,769.8412799999999,,,,,,,,,,1049.8095503530287,1137.4489037532517,1110.2285395763656,1334.1606280193237,1279.9228911185432,1307.8112225938314,1093.13127090301,863.8145670754367,1138.47082868822,791.6457636566333,923.2329988851728,1019.6906354515052,1266.4947974730585,1513.621330360461,,,,,,,,,,8.348119272753006,-2.3931065463307144,20.169909208819718,-4.065307861865253,2.1789071567362983,-16.41520947228442,-20.97796576966829,31.79574321635603,-30.464115222979306,16.621984386139378,10.447810756635366,24.203827459126547,19.512637034157223,13.84062448354344,149.0,Goldcrest Executive,Nakheel Company (PJSC),Al Thanyah Fifth,Jumeirah Lakes Towers,FINISHED,2009-02-09,2006-04-25,574.0,1.0,0.0,0.0,normal,Buildings,True,1,778,10.0,3.0,Apartment | Existing Properties | 1 B/R | Al Thanyah Fifth,Apartment | Existing Properties | 1 B/R | Al Thanyah Fifth | Nakheel Company (PJSC),19.512637034157223,10.447810756635366,13.84062448354344,10.0,3.0,3.0,871.0,58.0,85.0,5.0,2.0,2.0,9.064826277521856,True
208.0,Apartment,3 B/R,Existing Properties,2012,1221.0562987736903,4,2397.51954,,,,,,,,,,1221.0562987736903,1268.925120772947,1277.3848011891491,1735.0794314381271,1320.7813080639169,1400.2554812337423,1199.9888517279824,1178.8131735414345,902.401523597176,1137.5659606094391,1233.713768115942,1224.2567818654777,1529.8448532144184,2037.5343738387216,,,,,,,,,,3.920279683036032,0.6666808212488551,35.83059934820727,-23.87776120605716,6.017209108321175,-14.302149299876932,-1.7646562429355028,-23.44830004858636,26.05984485429997,8.452064393258807,-0.7665462196232653,24.96110912967924,33.18568674186644,12.36360676525321,208.0,Trident Grand,Emaar Properties PJSC,Marsa Dubai,Dubai Marina,FINISHED,2010-08-24,2006-02-19,275.0,1.0,0.0,0.0,normal,Buildings,True,1,1034,2.0,1.0,Apartment | Existing Properties | 3 B/R | Marsa Dubai,Apartment | Existing Properties | 3 B/R | Marsa Dubai | Emaar Properties PJSC,33.18568674186644,-0.7665462196232653,12.36360676525321,2.0,1.0,1.0,1334.0,143.0,183.0,11.0,3.0,3.0,33.952232961489706,True
208.0,Apartment,3 B/R,Existing Properties,2013,1268.925120772947,77,1774.0148399999998,,,,,,,,,,1221.0562987736903,1268.925120772947,1277.3848011891491,1735.0794314381271,1320.7813080639169,1400.2554812337423,1199.9888517279824,1178.8131735414345,902.401523597176,1137.5659606094391,1233.713768115942,1224.2567818654777,1529.8448532144184,2037.5343738387216,,,,,,,,,,3.920279683036032,0.6666808212488551,35.83059934820727,-23.87776120605716,6.017209108321175,-14.302149299876932,-1.7646562429355028,-23.44830004858636,26.05984485429997,8.452064393258807,-0.7665462196232653,24.96110912967924,33.18568674186644,12.36360676525321,208.0,Trident Grand,Emaar Properties PJSC,Marsa Dubai,Dubai Marina,FINISHED,2010-08-24,2006-02-19,275.0,1.0,0.0,0.0,normal,Buildings,True,1,1034,2.0,1.0,Apartment | Existing Properties | 3 B/R | Marsa Dubai,Apartment | Existing Properties | 3 B/R | Marsa Dubai | Emaar Properties PJSC,33.18568674186644,-0.7665462196232653,12.36360676525321,2.0,1.0,1.0,1334.0,143.0,183.0,11.0,3.0,3.0,33.952232961489706,True
208.0,Apartment,3 B/R,Existing Properties,2014,1277.3848011891491,17,1773.58428,,,,,,,,,,1221.0562987736903,1268.925120772947,1277.3848011891491,1735.0794314381271,1320.7813080639169,1400.2554812337423,1199.9888517279824,1178.8131735414345,902.401523597176,1137.5659606094391,1233.713768115942,1224.2567818654777,1529.8448532144184,2037.5343738387216,,,,,,,,,,3.920279683036032,0.6666808212488551,35.83059934820727,-23.87776120605716,6.017209108321175,-14.302149299876932,-1.7646562429355028,-23.44830004858636,26.05984485429997,8.452064393258807,-0.7665462196232653,24.96110912967924,33.18568674186644,12.36360676525321,208.0,Trident Grand,Emaar Properties PJSC,Marsa Dubai,Dubai Marina,FINISHED,2010-08-24,2006-02-19,275.0,1.0,0.0,0.0,normal,Buildings,True,1,1034,2.0,1.0,Apartment | Existing Properties | 3 B/R | Marsa Dubai,Apartment | Existing Properties | 3 B/R | Marsa Dubai | Emaar Properties PJSC,33.18568674186644,-0.7665462196232653,12.36360676525321,2.0,1.0,1.0,1334.0,143.0,183.0,11.0,3.0,3.0,33.952232961489706,True
208.0,Apartment,3 B/R,Existing Properties,2015,1735.0794314381271,4,1774.60686,,,,,,,,,,1221.0562987736903,1268.925120772947,1277.3848011891491,1735.0794314381271,1320.7813080639169,1400.2554812337423,1199.9888517279824,1178.8131735414345,902.401523597176,1137.5659606094391,1233.713768115942,1224.2567818654777,1529.8448532144184,2037.5343738387216,,,,,,,,,,3.920279683036032,0.6666808212488551,35.83059934820727,-23.87776120605716,6.017209108321175,-14.302149299876932,-1.7646562429355028,-23.44830004858636,26.05984485429997,8.452064393258807,-0.7665462196232653,24.96110912967924,33.18568674186644,12.36360676525321,208.0,Trident Grand,Emaar Properties PJSC,Marsa Dubai,Dubai Marina,FINISHED,2010-08-24,2006-02-19,275.0,1.0,0.0,0.0,normal,Buildings,True,1,1034,2.0,1.0,Apartment | Existing Properties | 3 B/R | Marsa Dubai,Apartment | Existing Properties | 3 B/R | Marsa Dubai | Emaar Properties PJSC,33.18568674186644,-0.7665462196232653,12.36360676525321,2.0,1.0,1.0,1334.0,143.0,183.0,11.0,3.0,3.0,33.952232961489706,True
208.0,Apartment,3 B/R,Existing Properties,2016,1320.7813080639169,6,1957.81014,,,,,,,,,,1221.0562987736903,1268.925120772947,1277.3848011891491,1735.0794314381271,1320.7813080639169,1400.2554812337423,1199.9888517279824,1178.8131735414345,902.401523597176,1137.5659606094391,1233.713768115942,1224.2567818654777,1529.8448532144184,2037.5343738387216,,,,,,,,,,3.920279683036032,0.6666808212488551,35.83059934820727,-23.87776120605716,6.017209108321175,-14.302149299876932,-1.7646562429355028,-23.44830004858636,26.05984485429997,8.452064393258807,-0.7665462196232653,24.96110912967924,33.18568674186644,12.36360676525321,208.0,Trident Grand,Emaar Properties PJSC,Marsa Dubai,Dubai Marina,FINISHED,2010-08-24,2006-02-19,275.0,1.0,0.0,0.0,normal,Buildings,True,1,1034,2.0,1.0,Apartment | Existing Properties | 3 B/R | Marsa Dubai,Apartment | Existing Properties | 3 B/R | Marsa Dubai | Emaar Properties PJSC,33.18568674186644,-0.7665462196232653,12.36360676525321,2.0,1.0,1.0,1334.0,143.0,183.0,11.0,3.0,3.0,33.952232961489706,True
208.0,Apartment,3 B/R,Existing Properties,2017,1400.2554812337423,5,2132.8866,,,,,,,,,,1221.0562987736903,1268.925120772947,1277.3848011891491,1735.0794314381271,1320.7813080639169,1400.2554812337423,1199.9888517279824,1178.8131735414345,902.401523597176,1137.5659606094391,1233.713768115942,1224.2567818654777,1529.8448532144184,2037.5343738387216,,,,,,,,,,3.920279683036032,0.6666808212488551,35.83059934820727,-23.87776120605716,6.017209108321175,-14.302149299876932,-1.7646562429355028,-23.44830004858636,26.05984485429997,8.452064393258807,-0.7665462196232653,24.96110912967924,33.18568674186644,12.36360676525321,208.0,Trident Grand,Emaar Properties PJSC,Marsa Dubai,Dubai Marina,FINISHED,2010-08-24,2006-02-19,275.0,1.0,0.0,0.0,normal,Buildings,True,1,1034,2.0,1.0,Apartment | Existing Properties | 3 B/R | Marsa Dubai,Apartment | Existing Properties | 3 B/R | Marsa Dubai | Emaar Properties PJSC,33.18568674186644,-0.7665462196232653,12.36360676525321,2.0,1.0,1.0,1334.0,143.0,183.0,11.0,3.0,3.0,33.952232961489706,True
208.0,Apartment,3 B/R,Existing Properties,2018,1199.9888517279824,11,1773.47664,,,,,,,,,,1221.0562987736903,1268.925120772947,1277.3848011891491,1735.0794314381271,1320.7813080639169,1400.2554812337423,1199.9888517279824,1178.8131735414345,902.401523597176,1137.5659606094391,1233.713768115942,1224.2567818654777,1529.8448532144184,2037.5343738387216,,,,,,,,,,3.920279683036032,0.6666808212488551,35.83059934820727,-23.87776120605716,6.017209108321175,-14.302149299876932,-1.7646562429355028,-23.44830004858636,26.05984485429997,8.452064393258807,-0.7665462196232653,24.96110912967924,33.18568674186644,12.36360676525321,208.0,Trident Grand,Emaar Properties PJSC,Marsa Dubai,Dubai Marina,FINISHED,2010-08-24,2006-02-19,275.0,1.0,0.0,0.0,normal,Buildings,True,1,1034,2.0,1.0,Apartment | Existing Properties | 3 B/R | Marsa Dubai,Apartment | Existing Properties | 3 B/R | Marsa Dubai | Emaar Properties PJSC,33.18568674186644,-0.7665462196232653,12.36360676525321,2.0,1.0,1.0,1334.0,143.0,183.0,11.0,3.0,3.0,33.952232961489706,True
208.0,Apartment,3 B/R,Existing Properties,2019,1178.8131735414345,12,1773.47664,,,,,,,,,,1221.0562987736903,1268.925120772947,1277.3848011891491,1735.0794314381271,1320.7813080639169,1400.2554812337423,1199.9888517279824,1178.8131735414345,902.401523597176,1137.5659606094391,1233.713768115942,1224.2567818654777,1529.8448532144184,2037.5343738387216,,,,,,,,,,3.920279683036032,0.6666808212488551,35.83059934820727,-23.87776120605716,6.017209108321175,-14.302149299876932,-1.7646562429355028,-23.44830004858636,26.05984485429997,8.452064393258807,-0.7665462196232653,24.96110912967924,33.18568674186644,12.36360676525321,208.0,Trident Grand,Emaar Properties PJSC,Marsa Dubai,Dubai Marina,FINISHED,2010-08-24,2006-02-19,275.0,1.0,0.0,0.0,normal,Buildings,True,1,1034,2.0,1.0,Apartment | Existing Properties | 3 B/R | Marsa Dubai,Apartment | Existing Properties | 3 B/R | Marsa Dubai | Emaar Properties PJSC,33.18568674186644,-0.7665462196232653,12.36360676525321,2.0,1.0,1.0,1334.0,143.0,183.0,11.0,3.0,3.0,33.952232961489706,True
208.0,Apartment,3 B/R,Existing Properties,2020,902.401523597176,15,1773.47664,,,,,,,,,,1221.0562987736903,1268.925120772947,1277.3848011891491,1735.0794314381271,1320.7813080639169,1400.2554812337423,1199.9888517279824,1178.8131735414345,902.401523597176,1137.5659606094391,1233.713768115942,1224.2567818654777,1529.8448532144184,2037.5343738387216,,,,,,,,,,3.920279683036032,0.6666808212488551,35.83059934820727,-23.87776120605716,6.017209108321175,-14.302149299876932,-1.7646562429355028,-23.44830004858636,26.05984485429997,8.452064393258807,-0.7665462196232653,24.96110912967924,33.18568674186644,12.36360676525321,208.0,Trident Grand,Emaar Properties PJSC,Marsa Dubai,Dubai Marina,FINISHED,2010-08-24,2006-02-19,275.0,1.0,0.0,0.0,normal,Buildings,True,1,1034,2.0,1.0,Apartment | Existing Properties | 3 B/R | Marsa Dubai,Apartment | Existing Properties | 3 B/R | Marsa Dubai | Emaar Properties PJSC,33.18568674186644,-0.7665462196232653,12.36360676525321,2.0,1.0,1.0,1334.0,143.0,183.0,11.0,3.0,3.0,33.952232961489706,True
208.0,Apartment,3 B/R,Existing Properties,2021,1137.5659606094391,6,1951.35174,,,,,,,,,,1221.0562987736903,1268.925120772947,1277.3848011891491,1735.0794314381271,1320.7813080639169,1400.2554812337423,1199.9888517279824,1178.8131735414345,902.401523597176,1137.5659606094391,1233.713768115942,1224.2567818654777,1529.8448532144184,2037.5343738387216,,,,,,,,,,3.920279683036032,0.6666808212488551,35.83059934820727,-23.87776120605716,6.017209108321175,-14.302149299876932,-1.7646562429355028,-23.44830004858636,26.05984485429997,8.452064393258807,-0.7665462196232653,24.96110912967924,33.18568674186644,12.36360676525321,208.0,Trident Grand,Emaar Properties PJSC,Marsa Dubai,Dubai Marina,FINISHED,2010-08-24,2006-02-19,275.0,1.0,0.0,0.0,normal,Buildings,True,1,1034,2.0,1.0,Apartment | Existing Properties | 3 B/R | Marsa Dubai,Apartment | Existing Properties | 3 B/R | Marsa Dubai | Emaar Properties PJSC,33.18568674186644,-0.7665462196232653,12.36360676525321,2.0,1.0,1.0,1334.0,143.0,183.0,11.0,3.0,3.0,33.952232961489706,True
208.0,Apartment,3 B/R,Existing Properties,2022,1233.713768115942,10,1772.23878,,,,,,,,,,1221.0562987736903,1268.925120772947,1277.3848011891491,1735.0794314381271,1320.7813080639169,1400.2554812337423,1199.9888517279824,1178.8131735414345,902.401523597176,1137.5659606094391,1233.713768115942,1224.2567818654777,1529.8448532144184,2037.5343738387216,,,,,,,,,,3.920279683036032,0.6666808212488551,35.83059934820727,-23.87776120605716,6.017209108321175,-14.302149299876932,-1.7646562429355028,-23.44830004858636,26.05984485429997,8.452064393258807,-0.7665462196232653,24.96110912967924,33.18568674186644,12.36360676525321,208.0,Trident Grand,Emaar Properties PJSC,Marsa Dubai,Dubai Marina,FINISHED,2010-08-24,2006-02-19,275.0,1.0,0.0,0.0,normal,Buildings,True,1,1034,2.0,1.0,Apartment | Existing Properties | 3 B/R | Marsa Dubai,Apartment | Existing Properties | 3 B/R | Marsa Dubai | Emaar Properties PJSC,33.18568674186644,-0.7665462196232653,12.36360676525321,2.0,1.0,1.0,1334.0,143.0,183.0,11.0,3.0,3.0,33.952232961489706,True
208.0,Apartment,3 B/R,Existing Properties,2023,1224.2567818654777,7,1773.47664,,,,,,,,,,1221.0562987736903,1268.925120772947,1277.3848011891491,1735.0794314381271,1320.7813080639169,1400.2554812337423,1199.9888517279824,1178.8131735414345,902.401523597176,1137.5659606094391,1233.713768115942,1224.2567818654777,1529.8448532144184,2037.5343738387216,,,,,,,,,,3.920279683036032,0.6666808212488551,35.83059934820727,-23.87776120605716,6.017209108321175,-14.302149299876932,-1.7646562429355028,-23.44830004858636,26.05984485429997,8.452064393258807,-0.7665462196232653,24.96110912967924,33.18568674186644,12.36360676525321,208.0,Trident Grand,Emaar Properties PJSC,Marsa Dubai,Dubai Marina,FINISHED,2010-08-24,2006-02-19,275.0,1.0,0.0,0.0,normal,Buildings,True,1,1034,2.0,1.0,Apartment | Existing Properties | 3 B/R | Marsa Dubai,Apartment | Existing Properties | 3 B/R | Marsa Dubai | Emaar Properties PJSC,33.18568674186644,-0.7665462196232653,12.36360676525321,2.0,1.0,1.0,1334.0,143.0,183.0,11.0,3.0,3.0,33.952232961489706,True
208.0,Apartment,3 B/R,Existing Properties,2024,1529.8448532144184,16,1959.90912,,,,,,,,,,1221.0562987736903,1268.925120772947,1277.3848011891491,1735.0794314381271,1320.7813080639169,1400.2554812337423,1199.9888517279824,1178.8131735414345,902.401523597176,1137.5659606094391,1233.713768115942,1224.2567818654777,1529.8448532144184,2037.5343738387216,,,,,,,,,,3.920279683036032,0.6666808212488551,35.83059934820727,-23.87776120605716,6.017209108321175,-14.302149299876932,-1.7646562429355028,-23.44830004858636,26.05984485429997,8.452064393258807,-0.7665462196232653,24.96110912967924,33.18568674186644,12.36360676525321,208.0,Trident Grand,Emaar Properties PJSC,Marsa Dubai,Dubai Marina,FINISHED,2010-08-24,2006-02-19,275.0,1.0,0.0,0.0,normal,Buildings,True,1,1034,2.0,1.0,Apartment | Existing Properties | 3 B/R | Marsa Dubai,Apartment | Existing Properties | 3 B/R | Marsa Dubai | Emaar Properties PJSC,33.18568674186644,-0.7665462196232653,12.36360676525321,2.0,1.0,1.0,1334.0,143.0,183.0,11.0,3.0,3.0,33.952232961489706,True
208.0,Apartment,3 B/R,Existing Properties,2025,2037.5343738387216,1,2147.20272,,,,,,,,,,1221.0562987736903,1268.925120772947,1277.3848011891491,1735.0794314381271,1320.7813080639169,1400.2554812337423,1199.9888517279824,1178.8131735414345,902.401523597176,1137.5659606094391,1233.713768115942,1224.2567818654777,1529.8448532144184,2037.5343738387216,,,,,,,,,,3.920279683036032,0.6666808212488551,35.83059934820727,-23.87776120605716,6.017209108321175,-14.302149299876932,-1.7646562429355028,-23.44830004858636,26.05984485429997,8.452064393258807,-0.7665462196232653,24.96110912967924,33.18568674186644,12.36360676525321,208.0,Trident Grand,Emaar Properties PJSC,Marsa Dubai,Dubai Marina,FINISHED,2010-08-24,2006-02-19,275.0,1.0,0.0,0.0,normal,Buildings,True,1,1034,2.0,1.0,Apartment | Existing Properties | 3 B/R | Marsa Dubai,Apartment | Existing Properties | 3 B/R | Marsa Dubai | Emaar Properties PJSC,33.18568674186644,-0.7665462196232653,12.36360676525321,2.0,1.0,1.0,1334.0,143.0,183.0,11.0,3.0,3.0,33.952232961489706,True
436.0,Apartment,1 B/R,Existing Properties,2015,953.433667781494,80,685.7744399999999,,,,,,,,,,,,,953.433667781494,836.9012448903754,834.2735042735044,689.8987365291713,603.6612783351915,492.7852099591231,480.8365849126719,470.13656633221854,554.3831289483464,677.5789669267931,802.0131921218879,,,,,,,,,,,,,-12.222394365648226,-0.3139845510942263,-17.30544803410201,-12.50001683259111,-18.367265278609256,-2.424712593838252,-2.225292108834997,17.91959372005021,22.222147743230703,18.364534802412024,10.77373560362107,436.0,Lakeside,TECOM Investments Free Zone - LLC,Me'Aisem First,International Media Production Zone,FINISHED,2014-07-08,2010-01-03,1967.0,5.0,0.0,0.0,normal,Buildings,True,4,3921,13.0,1.0,Apartment | Existing Properties | 1 B/R | Me'Aisem First,Apartment | Existing Properties | 1 B/R | Me'Aisem First | TECOM Investments Free Zone - LLC,18.364534802412024,17.91959372005021,10.77373560362107,13.0,1.0,1.0,546.0,14.0,21.0,16.0,1.0,1.0,0.4449410823618152,True
436.0,Apartment,1 B/R,Existing Properties,2016,836.9012448903754,76,685.7744399999999,,,,,,,,,,,,,953.433667781494,836.9012448903754,834.2735042735044,689.8987365291713,603.6612783351915,492.7852099591231,480.8365849126719,470.13656633221854,554.3831289483464,677.5789669267931,802.0131921218879,,,,,,,,,,,,,-12.222394365648226,-0.3139845510942263,-17.30544803410201,-12.50001683259111,-18.367265278609256,-2.424712593838252,-2.225292108834997,17.91959372005021,22.222147743230703,18.364534802412024,10.77373560362107,436.0,Lakeside,TECOM Investments Free Zone - LLC,Me'Aisem First,International Media Production Zone,FINISHED,2014-07-08,2010-01-03,1967.0,5.0,0.0,0.0,normal,Buildings,True,4,3921,13.0,1.0,Apartment | Existing Properties | 1 B/R | Me'Aisem First,Apartment | Existing Properties | 1 B/R | Me'Aisem First | TECOM Investments Free Zone - LLC,18.364534802412024,17.91959372005021,10.77373560362107,13.0,1.0,1.0,546.0,14.0,21.0,16.0,1.0,1.0,0.4449410823618152,True
436.0,Apartment,1 B/R,Existing Properties,2017,834.2735042735044,65,685.7744399999999,,,,,,,,,,,,,953.433667781494,836.9012448903754,834.2735042735044,689.8987365291713,603.6612783351915,492.7852099591231,480.8365849126719,470.13656633221854,554.3831289483464,677.5789669267931,802.0131921218879,,,,,,,,,,,,,-12.222394365648226,-0.3139845510942263,-17.30544803410201,-12.50001683259111,-18.367265278609256,-2.424712593838252,-2.225292108834997,17.91959372005021,22.222147743230703,18.364534802412024,10.77373560362107,436.0,Lakeside,TECOM Investments Free Zone - LLC,Me'Aisem First,International Media Production Zone,FINISHED,2014-07-08,2010-01-03,1967.0,5.0,0.0,0.0,normal,Buildings,True,4,3921,13.0,1.0,Apartment | Existing Properties | 1 B/R | Me'Aisem First,Apartment | Existing Properties | 1 B/R | Me'Aisem First | TECOM Investments Free Zone - LLC,18.364534802412024,17.91959372005021,10.77373560362107,13.0,1.0,1.0,546.0,14.0,21.0,16.0,1.0,1.0,0.4449410823618152,True
436.0,Apartment,1 B/R,Existing Properties,2018,689.8987365291713,39,676.5174,,,,,,,,,,,,,953.433667781494,836.9012448903754,834.2735042735044,689.8987365291713,603.6612783351915,492.7852099591231,480.8365849126719,470.13656633221854,554.3831289483464,677.5789669267931,802.0131921218879,,,,,,,,,,,,,-12.222394365648226,-0.3139845510942263,-17.30544803410201,-12.50001683259111,-18.367265278609256,-2.424712593838252,-2.225292108834997,17.91959372005021,22.222147743230703,18.364534802412024,10.77373560362107,436.0,Lakeside,TECOM Investments Free Zone - LLC,Me'Aisem First,International Media Production Zone,FINISHED,2014-07-08,2010-01-03,1967.0,5.0,0.0,0.0,normal,Buildings,True,4,3921,13.0,1.0,Apartment | Existing Properties | 1 B/R | Me'Aisem First,Apartment | Existing Properties | 1 B/R | Me'Aisem First | TECOM Investments Free Zone - LLC,18.364534802412024,17.91959372005021,10.77373560362107,13.0,1.0,1.0,546.0,14.0,21.0,16.0,1.0,1.0,0.4449410823618152,True
436.0,Apartment,1 B/R,Existing Properties,2019,603.6612783351915,15,701.16696,,,,,,,,,,,,,953.433667781494,836.9012448903754,834.2735042735044,689.8987365291713,603.6612783351915,492.7852099591231,480.8365849126719,470.13656633221854,554.3831289483464,677.5789669267931,802.0131921218879,,,,,,,,,,,,,-12.222394365648226,-0.3139845510942263,-17.30544803410201,-12.50001683259111,-18.367265278609256,-2.424712593838252,-2.225292108834997,17.91959372005021,22.222147743230703,18.364534802412024,10.77373560362107,436.0,Lakeside,TECOM Investments Free Zone - LLC,Me'Aisem First,International Media Production Zone,FINISHED,2014-07-08,2010-01-03,1967.0,5.0,0.0,0.0,normal,Buildings,True,4,3921,13.0,1.0,Apartment | Existing Properties | 1 B/R | Me'Aisem First,Apartment | Existing Properties | 1 B/R | Me'Aisem First | TECOM Investments Free Zone - LLC,18.364534802412024,17.91959372005021,10.77373560362107,13.0,1.0,1.0,546.0,14.0,21.0,16.0,1.0,1.0,0.4449410823618152,True
436.0,Apartment,1 B/R,Existing Properties,2020,492.7852099591231,19,685.7744399999999,,,,,,,,,,,,,953.433667781494,836.9012448903754,834.2735042735044,689.8987365291713,603.6612783351915,492.7852099591231,480.8365849126719,470.13656633221854,554.3831289483464,677.5789669267931,802.0131921218879,,,,,,,,,,,,,-12.222394365648226,-0.3139845510942263,-17.30544803410201,-12.50001683259111,-18.367265278609256,-2.424712593838252,-2.225292108834997,17.91959372005021,22.222147743230703,18.364534802412024,10.77373560362107,436.0,Lakeside,TECOM Investments Free Zone - LLC,Me'Aisem First,International Media Production Zone,FINISHED,2014-07-08,2010-01-03,1967.0,5.0,0.0,0.0,normal,Buildings,True,4,3921,13.0,1.0,Apartment | Existing Properties | 1 B/R | Me'Aisem First,Apartment | Existing Properties | 1 B/R | Me'Aisem First | TECOM Investments Free Zone - LLC,18.364534802412024,17.91959372005021,10.77373560362107,13.0,1.0,1.0,546.0,14.0,21.0,16.0,1.0,1.0,0.4449410823618152,True
436.0,Apartment,1 B/R,Existing Properties,2021,480.8365849126719,34,685.7744399999999,,,,,,,,,,,,,953.433667781494,836.9012448903754,834.2735042735044,689.8987365291713,603.6612783351915,492.7852099591231,480.8365849126719,470.13656633221854,554.3831289483464,677.5789669267931,802.0131921218879,,,,,,,,,,,,,-12.222394365648226,-0.3139845510942263,-17.30544803410201,-12.50001683259111,-18.367265278609256,-2.424712593838252,-2.225292108834997,17.91959372005021,22.222147743230703,18.364534802412024,10.77373560362107,436.0,Lakeside,TECOM Investments Free Zone - LLC,Me'Aisem First,International Media Production Zone,FINISHED,2014-07-08,2010-01-03,1967.0,5.0,0.0,0.0,normal,Buildings,True,4,3921,13.0,1.0,Apartment | Existing Properties | 1 B/R | Me'Aisem First,Apartment | Existing Properties | 1 B/R | Me'Aisem First | TECOM Investments Free Zone - LLC,18.364534802412024,17.91959372005021,10.77373560362107,13.0,1.0,1.0,546.0,14.0,21.0,16.0,1.0,1.0,0.4449410823618152,True
436.0,Apartment,1 B/R,Existing Properties,2022,470.13656633221854,41,685.7744399999999,,,,,,,,,,,,,953.433667781494,836.9012448903754,834.2735042735044,689.8987365291713,603.6612783351915,492.7852099591231,480.8365849126719,470.13656633221854,554.3831289483464,677.5789669267931,802.0131921218879,,,,,,,,,,,,,-12.222394365648226,-0.3139845510942263,-17.30544803410201,-12.50001683259111,-18.367265278609256,-2.424712593838252,-2.225292108834997,17.91959372005021,22.222147743230703,18.364534802412024,10.77373560362107,436.0,Lakeside,TECOM Investments Free Zone - LLC,Me'Aisem First,International Media Production Zone,FINISHED,2014-07-08,2010-01-03,1967.0,5.0,0.0,0.0,normal,Buildings,True,4,3921,13.0,1.0,Apartment | Existing Properties | 1 B/R | Me'Aisem First,Apartment | Existing Properties | 1 B/R | Me'Aisem First | TECOM Investments Free Zone - LLC,18.364534802412024,17.91959372005021,10.77373560362107,13.0,1.0,1.0,546.0,14.0,21.0,16.0,1.0,1.0,0.4449410823618152,True
436.0,Apartment,1 B/R,Existing Properties,2023,554.3831289483464,59,685.7744399999999,,,,,,,,,,,,,953.433667781494,836.9012448903754,834.2735042735044,689.8987365291713,603.6612783351915,492.7852099591231,480.8365849126719,470.13656633221854,554.3831289483464,677.5789669267931,802.0131921218879,,,,,,,,,,,,,-12.222394365648226,-0.3139845510942263,-17.30544803410201,-12.50001683259111,-18.367265278609256,-2.424712593838252,-2.225292108834997,17.91959372005021,22.222147743230703,18.364534802412024,10.77373560362107,436.0,Lakeside,TECOM Investments Free Zone - LLC,Me'Aisem First,International Media Production Zone,FINISHED,2014-07-08,2010-01-03,1967.0,5.0,0.0,0.0,normal,Buildings,True,4,3921,13.0,1.0,Apartment | Existing Properties | 1 B/R | Me'Aisem First,Apartment | Existing Properties | 1 B/R | Me'Aisem First | TECOM Investments Free Zone - LLC,18.364534802412024,17.91959372005021,10.77373560362107,13.0,1.0,1.0,546.0,14.0,21.0,16.0,1.0,1.0,0.4449410823618152,True
436.0,Apartment,1 B/R,Existing Properties,2024,677.5789669267931,69,685.7744399999999,,,,,,,,,,,,,953.433667781494,836.9012448903754,834.2735042735044,689.8987365291713,603.6612783351915,492.7852099591231,480.8365849126719,470.13656633221854,554.3831289483464,677.5789669267931,802.0131921218879,,,,,,,,,,,,,-12.222394365648226,-0.3139845510942263,-17.30544803410201,-12.50001683259111,-18.367265278609256,-2.424712593838252,-2.225292108834997,17.91959372005021,22.222147743230703,18.364534802412024,10.77373560362107,436.0,Lakeside,TECOM Investments Free Zone - LLC,Me'Aisem First,International Media Production Zone,FINISHED,2014-07-08,2010-01-03,1967.0,5.0,0.0,0.0,normal,Buildings,True,4,3921,13.0,1.0,Apartment | Existing Properties | 1 B/R | Me'Aisem First,Apartment | Existing Properties | 1 B/R | Me'Aisem First | TECOM Investments Free Zone - LLC,18.364534802412024,17.91959372005021,10.77373560362107,13.0,1.0,1.0,546.0,14.0,21.0,16.0,1.0,1.0,0.4449410823618152,True
436.0,Apartment,1 B/R,Existing Properties,2025,802.0131921218879,1,685.7744399999999,,,,,,,,,,,,,953.433667781494,836.9012448903754,834.2735042735044,689.8987365291713,603.6612783351915,492.7852099591231,480.8365849126719,470.13656633221854,554.3831289483464,677.5789669267931,802.0131921218879,,,,,,,,,,,,,-12.222394365648226,-0.3139845510942263,-17.30544803410201,-12.50001683259111,-18.367265278609256,-2.424712593838252,-2.225292108834997,17.91959372005021,22.222147743230703,18.364534802412024,10.77373560362107,436.0,Lakeside,TECOM Investments Free Zone - LLC,Me'Aisem First,International Media Production Zone,FINISHED,2014-07-08,2010-01-03,1967.0,5.0,0.0,0.0,normal,Buildings,True,4,3921,13.0,1.0,Apartment | Existing Properties | 1 B/R | Me'Aisem First,Apartment | Existing Properties | 1 B/R | Me'Aisem First | TECOM Investments Free Zone - LLC,18.364534802412024,17.91959372005021,10.77373560362107,13.0,1.0,1.0,546.0,14.0,21.0,16.0,1.0,1.0,0.4449410823618152,True
1035.0,Villa,2 B/R,Existing Properties,2007,434.429580081754,7,1862.06436,,,,,434.429580081754,764.2316982534373,551.0855629877369,602.3648272017838,616.7971943515422,678.5507246376812,752.1576551467856,704.7984020810107,840.2633779264215,638.8266443701226,753.4090486807879,601.4827201783723,464.1926793013749,539.9767744332962,669.5531400966183,706.3944630248978,837.3978075065032,1133.9752879970272,1347.838164251208,,,,,75.91612848039004,-27.89025052910278,9.30513656282952,2.395951174108601,10.011966794217098,10.847668101512609,-6.296452976541545,19.220386346710285,-23.97304688601315,17.936384670311067,-20.16518500387501,-22.82526767124473,16.325999635750144,23.996655374541252,5.502374751459338,18.54535268023301,35.41655803633337,18.85957114920316,15.019252183614771,576210665.0,The splendor of the Emirates? Springs 5,Emaar Properties PJSC,Al Thanayah Fourth,Springs - 4,FINISHED,2004-01-12,2001-01-01,0.0,0.0,272.0,68.0,normal,Villa complex,True,0,736,4.0,1.0,Villa | Existing Properties | 2 B/R | Al Thanayah Fourth,Villa | Existing Properties | 2 B/R | Al Thanayah Fourth | Emaar Properties PJSC,18.85957114920316,18.54535268023301,15.019252183614771,4.0,1.0,1.0,55.0,15.0,16.0,3.0,1.0,1.0,0.31421846897015016,True
1035.0,Villa,2 B/R,Existing Properties,2008,764.2316982534373,32,1882.83888,,,,,434.429580081754,764.2316982534373,551.0855629877369,602.3648272017838,616.7971943515422,678.5507246376812,752.1576551467856,704.7984020810107,840.2633779264215,638.8266443701226,753.4090486807879,601.4827201783723,464.1926793013749,539.9767744332962,669.5531400966183,706.3944630248978,837.3978075065032,1133.9752879970272,1347.838164251208,,,,,75.91612848039004,-27.89025052910278,9.30513656282952,2.395951174108601,10.011966794217098,10.847668101512609,-6.296452976541545,19.220386346710285,-23.97304688601315,17.936384670311067,-20.16518500387501,-22.82526767124473,16.325999635750144,23.996655374541252,5.502374751459338,18.54535268023301,35.41655803633337,18.85957114920316,15.019252183614771,576210665.0,The splendor of the Emirates? Springs 5,Emaar Properties PJSC,Al Thanayah Fourth,Springs - 4,FINISHED,2004-01-12,2001-01-01,0.0,0.0,272.0,68.0,normal,Villa complex,True,0,736,4.0,1.0,Villa | Existing Properties | 2 B/R | Al Thanayah Fourth,Villa | Existing Properties | 2 B/R | Al Thanayah Fourth | Emaar Properties PJSC,18.85957114920316,18.54535268023301,15.019252183614771,4.0,1.0,1.0,55.0,15.0,16.0,3.0,1.0,1.0,0.31421846897015016,True
1035.0,Villa,2 B/R,Existing Properties,2009,551.0855629877369,14,2633.08968,,,,,434.429580081754,764.2316982534373,551.0855629877369,602.3648272017838,616.7971943515422,678.5507246376812,752.1576551467856,704.7984020810107,840.2633779264215,638.8266443701226,753.4090486807879,601.4827201783723,464.1926793013749,539.9767744332962,669.5531400966183,706.3944630248978,837.3978075065032,1133.9752879970272,1347.838164251208,,,,,75.91612848039004,-27.89025052910278,9.30513656282952,2.395951174108601,10.011966794217098,10.847668101512609,-6.296452976541545,19.220386346710285,-23.97304688601315,17.936384670311067,-20.16518500387501,-22.82526767124473,16.325999635750144,23.996655374541252,5.502374751459338,18.54535268023301,35.41655803633337,18.85957114920316,15.019252183614771,576210665.0,The splendor of the Emirates? Springs 5,Emaar Properties PJSC,Al Thanayah Fourth,Springs - 4,FINISHED,2004-01-12,2001-01-01,0.0,0.0,272.0,68.0,normal,Villa complex,True,0,736,4.0,1.0,Villa | Existing Properties | 2 B/R | Al Thanayah Fourth,Villa | Existing Properties | 2 B/R | Al Thanayah Fourth | Emaar Properties PJSC,18.85957114920316,18.54535268023301,15.019252183614771,4.0,1.0,1.0,55.0,15.0,16.0,3.0,1.0,1.0,0.31421846897015016,True
1035.0,Villa,2 B/R,Existing Properties,2010,602.3648272017838,8,2664.09,,,,,434.429580081754,764.2316982534373,551.0855629877369,602.3648272017838,616.7971943515422,678.5507246376812,752.1576551467856,704.7984020810107,840.2633779264215,638.8266443701226,753.4090486807879,601.4827201783723,464.1926793013749,539.9767744332962,669.5531400966183,706.3944630248978,837.3978075065032,1133.9752879970272,1347.838164251208,,,,,75.91612848039004,-27.89025052910278,9.30513656282952,2.395951174108601,10.011966794217098,10.847668101512609,-6.296452976541545,19.220386346710285,-23.97304688601315,17.936384670311067,-20.16518500387501,-22.82526767124473,16.325999635750144,23.996655374541252,5.502374751459338,18.54535268023301,35.41655803633337,18.85957114920316,15.019252183614771,576210665.0,The splendor of the Emirates? Springs 5,Emaar Properties PJSC,Al Thanayah Fourth,Springs - 4,FINISHED,2004-01-12,2001-01-01,0.0,0.0,272.0,68.0,normal,Villa complex,True,0,736,4.0,1.0,Villa | Existing Properties | 2 B/R | Al Thanayah Fourth,Villa | Existing Properties | 2 B/R | Al Thanayah Fourth | Emaar Properties PJSC,18.85957114920316,18.54535268023301,15.019252183614771,4.0,1.0,1.0,55.0,15.0,16.0,3.0,1.0,1.0,0.31421846897015016,True
1035.0,Villa,2 B/R,Existing Properties,2011,616.7971943515422,22,1856.89764,,,,,434.429580081754,764.2316982534373,551.0855629877369,602.3648272017838,616.7971943515422,678.5507246376812,752.1576551467856,704.7984020810107,840.2633779264215,638.8266443701226,753.4090486807879,601.4827201783723,464.1926793013749,539.9767744332962,669.5531400966183,706.3944630248978,837.3978075065032,1133.9752879970272,1347.838164251208,,,,,75.91612848039004,-27.89025052910278,9.30513656282952,2.395951174108601,10.011966794217098,10.847668101512609,-6.296452976541545,19.220386346710285,-23.97304688601315,17.936384670311067,-20.16518500387501,-22.82526767124473,16.325999635750144,23.996655374541252,5.502374751459338,18.54535268023301,35.41655803633337,18.85957114920316,15.019252183614771,576210665.0,The splendor of the Emirates? Springs 5,Emaar Properties PJSC,Al Thanayah Fourth,Springs - 4,FINISHED,2004-01-12,2001-01-01,0.0,0.0,272.0,68.0,normal,Villa complex,True,0,736,4.0,1.0,Villa | Existing Properties | 2 B/R | Al Thanayah Fourth,Villa | Existing Properties | 2 B/R | Al Thanayah Fourth | Emaar Properties PJSC,18.85957114920316,18.54535268023301,15.019252183614771,4.0,1.0,1.0,55.0,15.0,16.0,3.0,1.0,1.0,0.31421846897015016,True
1035.0,Villa,2 B/R,Existing Properties,2012,678.5507246376812,25,1856.89764,,,,,434.429580081754,764.2316982534373,551.0855629877369,602.3648272017838,616.7971943515422,678.5507246376812,752.1576551467856,704.7984020810107,840.2633779264215,638.8266443701226,753.4090486807879,601.4827201783723,464.1926793013749,539.9767744332962,669.5531400966183,706.3944630248978,837.3978075065032,1133.9752879970272,1347.838164251208,,,,,75.91612848039004,-27.89025052910278,9.30513656282952,2.395951174108601,10.011966794217098,10.847668101512609,-6.296452976541545,19.220386346710285,-23.97304688601315,17.936384670311067,-20.16518500387501,-22.82526767124473,16.325999635750144,23.996655374541252,5.502374751459338,18.54535268023301,35.41655803633337,18.85957114920316,15.019252183614771,576210665.0,The splendor of the Emirates? Springs 5,Emaar Properties PJSC,Al Thanayah Fourth,Springs - 4,FINISHED,2004-01-12,2001-01-01,0.0,0.0,272.0,68.0,normal,Villa complex,True,0,736,4.0,1.0,Villa | Existing Properties | 2 B/R | Al Thanayah Fourth,Villa | Existing Properties | 2 B/R | Al Thanayah Fourth | Emaar Properties PJSC,18.85957114920316,18.54535268023301,15.019252183614771,4.0,1.0,1.0,55.0,15.0,16.0,3.0,1.0,1.0,0.31421846897015016,True
1035.0,Villa,2 B/R,Existing Properties,2013,752.1576551467856,20,2263.07718,,,,,434.429580081754,764.2316982534373,551.0855629877369,602.3648272017838,616.7971943515422,678.5507246376812,752.1576551467856,704.7984020810107,840.2633779264215,638.8266443701226,753.4090486807879,601.4827201783723,464.1926793013749,539.9767744332962,669.5531400966183,706.3944630248978,837.3978075065032,1133.9752879970272,1347.838164251208,,,,,75.91612848039004,-27.89025052910278,9.30513656282952,2.395951174108601,10.011966794217098,10.847668101512609,-6.296452976541545,19.220386346710285,-23.97304688601315,17.936384670311067,-20.16518500387501,-22.82526767124473,16.325999635750144,23.996655374541252,5.502374751459338,18.54535268023301,35.41655803633337,18.85957114920316,15.019252183614771,576210665.0,The splendor of the Emirates? Springs 5,Emaar Properties PJSC,Al Thanayah Fourth,Springs - 4,FINISHED,2004-01-12,2001-01-01,0.0,0.0,272.0,68.0,normal,Villa complex,True,0,736,4.0,1.0,Villa | Existing Properties | 2 B/R | Al Thanayah Fourth,Villa | Existing Properties | 2 B/R | Al Thanayah Fourth | Emaar Properties PJSC,18.85957114920316,18.54535268023301,15.019252183614771,4.0,1.0,1.0,55.0,15.0,16.0,3.0,1.0,1.0,0.31421846897015016,True
1035.0,Villa,2 B/R,Existing Properties,2014,704.7984020810107,9,1882.51596,,,,,434.429580081754,764.2316982534373,551.0855629877369,602.3648272017838,616.7971943515422,678.5507246376812,752.1576551467856,704.7984020810107,840.2633779264215,638.8266443701226,753.4090486807879,601.4827201783723,464.1926793013749,539.9767744332962,669.5531400966183,706.3944630248978,837.3978075065032,1133.9752879970272,1347.838164251208,,,,,75.91612848039004,-27.89025052910278,9.30513656282952,2.395951174108601,10.011966794217098,10.847668101512609,-6.296452976541545,19.220386346710285,-23.97304688601315,17.936384670311067,-20.16518500387501,-22.82526767124473,16.325999635750144,23.996655374541252,5.502374751459338,18.54535268023301,35.41655803633337,18.85957114920316,15.019252183614771,576210665.0,The splendor of the Emirates? Springs 5,Emaar Properties PJSC,Al Thanayah Fourth,Springs - 4,FINISHED,2004-01-12,2001-01-01,0.0,0.0,272.0,68.0,normal,Villa complex,True,0,736,4.0,1.0,Villa | Existing Properties | 2 B/R | Al Thanayah Fourth,Villa | Existing Properties | 2 B/R | Al Thanayah Fourth | Emaar Properties PJSC,18.85957114920316,18.54535268023301,15.019252183614771,4.0,1.0,1.0,55.0,15.0,16.0,3.0,1.0,1.0,0.31421846897015016,True
1035.0,Villa,2 B/R,Existing Properties,2015,840.2633779264215,8,2273.3568,,,,,434.429580081754,764.2316982534373,551.0855629877369,602.3648272017838,616.7971943515422,678.5507246376812,752.1576551467856,704.7984020810107,840.2633779264215,638.8266443701226,753.4090486807879,601.4827201783723,464.1926793013749,539.9767744332962,669.5531400966183,706.3944630248978,837.3978075065032,1133.9752879970272,1347.838164251208,,,,,75.91612848039004,-27.89025052910278,9.30513656282952,2.395951174108601,10.011966794217098,10.847668101512609,-6.296452976541545,19.220386346710285,-23.97304688601315,17.936384670311067,-20.16518500387501,-22.82526767124473,16.325999635750144,23.996655374541252,5.502374751459338,18.54535268023301,35.41655803633337,18.85957114920316,15.019252183614771,576210665.0,The splendor of the Emirates? Springs 5,Emaar Properties PJSC,Al Thanayah Fourth,Springs - 4,FINISHED,2004-01-12,2001-01-01,0.0,0.0,272.0,68.0,normal,Villa complex,True,0,736,4.0,1.0,Villa | Existing Properties | 2 B/R | Al Thanayah Fourth,Villa | Existing Properties | 2 B/R | Al Thanayah Fourth | Emaar Properties PJSC,18.85957114920316,18.54535268023301,15.019252183614771,4.0,1.0,1.0,55.0,15.0,16.0,3.0,1.0,1.0,0.31421846897015016,True
1035.0,Villa,2 B/R,Existing Properties,2016,638.8266443701226,15,2837.71332,,,,,434.429580081754,764.2316982534373,551.0855629877369,602.3648272017838,616.7971943515422,678.5507246376812,752.1576551467856,704.7984020810107,840.2633779264215,638.8266443701226,753.4090486807879,601.4827201783723,464.1926793013749,539.9767744332962,669.5531400966183,706.3944630248978,837.3978075065032,1133.9752879970272,1347.838164251208,,,,,75.91612848039004,-27.89025052910278,9.30513656282952,2.395951174108601,10.011966794217098,10.847668101512609,-6.296452976541545,19.220386346710285,-23.97304688601315,17.936384670311067,-20.16518500387501,-22.82526767124473,16.325999635750144,23.996655374541252,5.502374751459338,18.54535268023301,35.41655803633337,18.85957114920316,15.019252183614771,576210665.0,The splendor of the Emirates? Springs 5,Emaar Properties PJSC,Al Thanayah Fourth,Springs - 4,FINISHED,2004-01-12,2001-01-01,0.0,0.0,272.0,68.0,normal,Villa complex,True,0,736,4.0,1.0,Villa | Existing Properties | 2 B/R | Al Thanayah Fourth,Villa | Existing Properties | 2 B/R | Al Thanayah Fourth | Emaar Properties PJSC,18.85957114920316,18.54535268023301,15.019252183614771,4.0,1.0,1.0,55.0,15.0,16.0,3.0,1.0,1.0,0.31421846897015016,True
1035.0,Villa,2 B/R,Existing Properties,2017,753.4090486807879,14,1857.54348,,,,,434.429580081754,764.2316982534373,551.0855629877369,602.3648272017838,616.7971943515422,678.5507246376812,752.1576551467856,704.7984020810107,840.2633779264215,638.8266443701226,753.4090486807879,601.4827201783723,464.1926793013749,539.9767744332962,669.5531400966183,706.3944630248978,837.3978075065032,1133.9752879970272,1347.838164251208,,,,,75.91612848039004,-27.89025052910278,9.30513656282952,2.395951174108601,10.011966794217098,10.847668101512609,-6.296452976541545,19.220386346710285,-23.97304688601315,17.936384670311067,-20.16518500387501,-22.82526767124473,16.325999635750144,23.996655374541252,5.502374751459338,18.54535268023301,35.41655803633337,18.85957114920316,15.019252183614771,576210665.0,The splendor of the Emirates? Springs 5,Emaar Properties PJSC,Al Thanayah Fourth,Springs - 4,FINISHED,2004-01-12,2001-01-01,0.0,0.0,272.0,68.0,normal,Villa complex,True,0,736,4.0,1.0,Villa | Existing Properties | 2 B/R | Al Thanayah Fourth,Villa | Existing Properties | 2 B/R | Al Thanayah Fourth | Emaar Properties PJSC,18.85957114920316,18.54535268023301,15.019252183614771,4.0,1.0,1.0,55.0,15.0,16.0,3.0,1.0,1.0,0.31421846897015016,True
1035.0,Villa,2 B/R,Existing Properties,2018,601.4827201783723,11,1862.06436,,,,,434.429580081754,764.2316982534373,551.0855629877369,602.3648272017838,616.7971943515422,678.5507246376812,752.1576551467856,704.7984020810107,840.2633779264215,638.8266443701226,753.4090486807879,601.4827201783723,464.1926793013749,539.9767744332962,669.5531400966183,706.3944630248978,837.3978075065032,1133.9752879970272,1347.838164251208,,,,,75.91612848039004,-27.89025052910278,9.30513656282952,2.395951174108601,10.011966794217098,10.847668101512609,-6.296452976541545,19.220386346710285,-23.97304688601315,17.936384670311067,-20.16518500387501,-22.82526767124473,16.325999635750144,23.996655374541252,5.502374751459338,18.54535268023301,35.41655803633337,18.85957114920316,15.019252183614771,576210665.0,The splendor of the Emirates? Springs 5,Emaar Properties PJSC,Al Thanayah Fourth,Springs - 4,FINISHED,2004-01-12,2001-01-01,0.0,0.0,272.0,68.0,normal,Villa complex,True,0,736,4.0,1.0,Villa | Existing Properties | 2 B/R | Al Thanayah Fourth,Villa | Existing Properties | 2 B/R | Al Thanayah Fourth | Emaar Properties PJSC,18.85957114920316,18.54535268023301,15.019252183614771,4.0,1.0,1.0,55.0,15.0,16.0,3.0,1.0,1.0,0.31421846897015016,True
1035.0,Villa,2 B/R,Existing Properties,2019,464.1926793013749,13,1856.79,,,,,434.429580081754,764.2316982534373,551.0855629877369,602.3648272017838,616.7971943515422,678.5507246376812,752.1576551467856,704.7984020810107,840.2633779264215,638.8266443701226,753.4090486807879,601.4827201783723,464.1926793013749,539.9767744332962,669.5531400966183,706.3944630248978,837.3978075065032,1133.9752879970272,1347.838164251208,,,,,75.91612848039004,-27.89025052910278,9.30513656282952,2.395951174108601,10.011966794217098,10.847668101512609,-6.296452976541545,19.220386346710285,-23.97304688601315,17.936384670311067,-20.16518500387501,-22.82526767124473,16.325999635750144,23.996655374541252,5.502374751459338,18.54535268023301,35.41655803633337,18.85957114920316,15.019252183614771,576210665.0,The splendor of the Emirates? Springs 5,Emaar Properties PJSC,Al Thanayah Fourth,Springs - 4,FINISHED,2004-01-12,2001-01-01,0.0,0.0,272.0,68.0,normal,Villa complex,True,0,736,4.0,1.0,Villa | Existing Properties | 2 B/R | Al Thanayah Fourth,Villa | Existing Properties | 2 B/R | Al Thanayah Fourth | Emaar Properties PJSC,18.85957114920316,18.54535268023301,15.019252183614771,4.0,1.0,1.0,55.0,15.0,16.0,3.0,1.0,1.0,0.31421846897015016,True
1035.0,Villa,2 B/R,Existing Properties,2020,539.9767744332962,9,1862.06436,,,,,434.429580081754,764.2316982534373,551.0855629877369,602.3648272017838,616.7971943515422,678.5507246376812,752.1576551467856,704.7984020810107,840.2633779264215,638.8266443701226,753.4090486807879,601.4827201783723,464.1926793013749,539.9767744332962,669.5531400966183,706.3944630248978,837.3978075065032,1133.9752879970272,1347.838164251208,,,,,75.91612848039004,-27.89025052910278,9.30513656282952,2.395951174108601,10.011966794217098,10.847668101512609,-6.296452976541545,19.220386346710285,-23.97304688601315,17.936384670311067,-20.16518500387501,-22.82526767124473,16.325999635750144,23.996655374541252,5.502374751459338,18.54535268023301,35.41655803633337,18.85957114920316,15.019252183614771,576210665.0,The splendor of the Emirates? Springs 5,Emaar Properties PJSC,Al Thanayah Fourth,Springs - 4,FINISHED,2004-01-12,2001-01-01,0.0,0.0,272.0,68.0,normal,Villa complex,True,0,736,4.0,1.0,Villa | Existing Properties | 2 B/R | Al Thanayah Fourth,Villa | Existing Properties | 2 B/R | Al Thanayah Fourth | Emaar Properties PJSC,18.85957114920316,18.54535268023301,15.019252183614771,4.0,1.0,1.0,55.0,15.0,16.0,3.0,1.0,1.0,0.31421846897015016,True
1035.0,Villa,2 B/R,Existing Properties,2021,669.5531400966183,17,2664.09,,,,,434.429580081754,764.2316982534373,551.0855629877369,602.3648272017838,616.7971943515422,678.5507246376812,752.1576551467856,704.7984020810107,840.2633779264215,638.8266443701226,753.4090486807879,601.4827201783723,464.1926793013749,539.9767744332962,669.5531400966183,706.3944630248978,837.3978075065032,1133.9752879970272,1347.838164251208,,,,,75.91612848039004,-27.89025052910278,9.30513656282952,2.395951174108601,10.011966794217098,10.847668101512609,-6.296452976541545,19.220386346710285,-23.97304688601315,17.936384670311067,-20.16518500387501,-22.82526767124473,16.325999635750144,23.996655374541252,5.502374751459338,18.54535268023301,35.41655803633337,18.85957114920316,15.019252183614771,576210665.0,The splendor of the Emirates? Springs 5,Emaar Properties PJSC,Al Thanayah Fourth,Springs - 4,FINISHED,2004-01-12,2001-01-01,0.0,0.0,272.0,68.0,normal,Villa complex,True,0,736,4.0,1.0,Villa | Existing Properties | 2 B/R | Al Thanayah Fourth,Villa | Existing Properties | 2 B/R | Al Thanayah Fourth | Emaar Properties PJSC,18.85957114920316,18.54535268023301,15.019252183614771,4.0,1.0,1.0,55.0,15.0,16.0,3.0,1.0,1.0,0.31421846897015016,True
1035.0,Villa,2 B/R,Existing Properties,2022,706.3944630248978,21,1856.79,,,,,434.429580081754,764.2316982534373,551.0855629877369,602.3648272017838,616.7971943515422,678.5507246376812,752.1576551467856,704.7984020810107,840.2633779264215,638.8266443701226,753.4090486807879,601.4827201783723,464.1926793013749,539.9767744332962,669.5531400966183,706.3944630248978,837.3978075065032,1133.9752879970272,1347.838164251208,,,,,75.91612848039004,-27.89025052910278,9.30513656282952,2.395951174108601,10.011966794217098,10.847668101512609,-6.296452976541545,19.220386346710285,-23.97304688601315,17.936384670311067,-20.16518500387501,-22.82526767124473,16.325999635750144,23.996655374541252,5.502374751459338,18.54535268023301,35.41655803633337,18.85957114920316,15.019252183614771,576210665.0,The splendor of the Emirates? Springs 5,Emaar Properties PJSC,Al Thanayah Fourth,Springs - 4,FINISHED,2004-01-12,2001-01-01,0.0,0.0,272.0,68.0,normal,Villa complex,True,0,736,4.0,1.0,Villa | Existing Properties | 2 B/R | Al Thanayah Fourth,Villa | Existing Properties | 2 B/R | Al Thanayah Fourth | Emaar Properties PJSC,18.85957114920316,18.54535268023301,15.019252183614771,4.0,1.0,1.0,55.0,15.0,16.0,3.0,1.0,1.0,0.31421846897015016,True
1035.0,Villa,2 B/R,Existing Properties,2023,837.3978075065032,21,2837.71332,,,,,434.429580081754,764.2316982534373,551.0855629877369,602.3648272017838,616.7971943515422,678.5507246376812,752.1576551467856,704.7984020810107,840.2633779264215,638.8266443701226,753.4090486807879,601.4827201783723,464.1926793013749,539.9767744332962,669.5531400966183,706.3944630248978,837.3978075065032,1133.9752879970272,1347.838164251208,,,,,75.91612848039004,-27.89025052910278,9.30513656282952,2.395951174108601,10.011966794217098,10.847668101512609,-6.296452976541545,19.220386346710285,-23.97304688601315,17.936384670311067,-20.16518500387501,-22.82526767124473,16.325999635750144,23.996655374541252,5.502374751459338,18.54535268023301,35.41655803633337,18.85957114920316,15.019252183614771,576210665.0,The splendor of the Emirates? Springs 5,Emaar Properties PJSC,Al Thanayah Fourth,Springs - 4,FINISHED,2004-01-12,2001-01-01,0.0,0.0,272.0,68.0,normal,Villa complex,True,0,736,4.0,1.0,Villa | Existing Properties | 2 B/R | Al Thanayah Fourth,Villa | Existing Properties | 2 B/R | Al Thanayah Fourth | Emaar Properties PJSC,18.85957114920316,18.54535268023301,15.019252183614771,4.0,1.0,1.0,55.0,15.0,16.0,3.0,1.0,1.0,0.31421846897015016,True
1035.0,Villa,2 B/R,Existing Properties,2024,1133.9752879970272,19,1857.00528,,,,,434.429580081754,764.2316982534373,551.0855629877369,602.3648272017838,616.7971943515422,678.5507246376812,752.1576551467856,704.7984020810107,840.2633779264215,638.8266443701226,753.4090486807879,601.4827201783723,464.1926793013749,539.9767744332962,669.5531400966183,706.3944630248978,837.3978075065032,1133.9752879970272,1347.838164251208,,,,,75.91612848039004,-27.89025052910278,9.30513656282952,2.395951174108601,10.011966794217098,10.847668101512609,-6.296452976541545,19.220386346710285,-23.97304688601315,17.936384670311067,-20.16518500387501,-22.82526767124473,16.325999635750144,23.996655374541252,5.502374751459338,18.54535268023301,35.41655803633337,18.85957114920316,15.019252183614771,576210665.0,The splendor of the Emirates? Springs 5,Emaar Properties PJSC,Al Thanayah Fourth,Springs - 4,FINISHED,2004-01-12,2001-01-01,0.0,0.0,272.0,68.0,normal,Villa complex,True,0,736,4.0,1.0,Villa | Existing Properties | 2 B/R | Al Thanayah Fourth,Villa | Existing Properties | 2 B/R | Al Thanayah Fourth | Emaar Properties PJSC,18.85957114920316,18.54535268023301,15.019252183614771,4.0,1.0,1.0,55.0,15.0,16.0,3.0,1.0,1.0,0.31421846897015016,True
1035.0,Villa,2 B/R,Existing Properties,2025,1347.838164251208,2,1856.79,,,,,434.429580081754,764.2316982534373,551.0855629877369,602.3648272017838,616.7971943515422,678.5507246376812,752.1576551467856,704.7984020810107,840.2633779264215,638.8266443701226,753.4090486807879,601.4827201783723,464.1926793013749,539.9767744332962,669.5531400966183,706.3944630248978,837.3978075065032,1133.9752879970272,1347.838164251208,,,,,75.91612848039004,-27.89025052910278,9.30513656282952,2.395951174108601,10.011966794217098,10.847668101512609,-6.296452976541545,19.220386346710285,-23.97304688601315,17.936384670311067,-20.16518500387501,-22.82526767124473,16.325999635750144,23.996655374541252,5.502374751459338,18.54535268023301,35.41655803633337,18.85957114920316,15.019252183614771,576210665.0,The splendor of the Emirates? Springs 5,Emaar Properties PJSC,Al Thanayah Fourth,Springs - 4,FINISHED,2004-01-12,2001-01-01,0.0,0.0,272.0,68.0,normal,Villa complex,True,0,736,4.0,1.0,Villa | Existing Properties | 2 B/R | Al Thanayah Fourth,Villa | Existing Properties | 2 B/R | Al Thanayah Fourth | Emaar Properties PJSC,18.85957114920316,18.54535268023301,15.019252183614771,4.0,1.0,1.0,55.0,15.0,16.0,3.0,1.0,1.0,0.31421846897015016,True
1103.0,Apartment,3 B/R,Existing Properties,2012,1099.2005759940544,26,2557.5264,,,,,,,,,,1099.2005759940544,912.0940170940172,1173.7235228539575,1095.084541062802,926.114827201784,949.4096060943888,997.202248234857,584.1369379412859,606.9946116685247,685.411557041992,859.4514121144557,997.0373467112598,1157.9217762913418,1511.267186919361,,,,,,,,,,-17.022057937954482,28.68448875407679,-6.699957891270825,-15.429832814280209,2.5153229608675165,5.033932860346124,-41.422420679930894,3.9130676802938913,12.918886570988231,25.392022250625867,16.008576244968854,16.136249069381535,30.51548194902545,17.132649229471085,1103.0,Jumeirah Heights Clusters,Nakheel Company (PJSC),Al Thanyah Fifth,Jumeirah Islands,FINISHED,2012-01-02,2006-09-01,247.0,7.0,0.0,466.0,normal,Buildings,True,6,990,4.0,1.0,Apartment | Existing Properties | 3 B/R | Al Thanyah Fifth,Apartment | Existing Properties | 3 B/R | Al Thanyah Fifth | Nakheel Company (PJSC),30.51548194902545,16.008576244968854,17.132649229471085,4.0,1.0,2.0,615.0,36.0,62.0,3.0,1.0,1.0,14.506905704056596,True
1103.0,Apartment,3 B/R,Existing Properties,2013,912.0940170940172,124,2800.2546,,,,,,,,,,1099.2005759940544,912.0940170940172,1173.7235228539575,1095.084541062802,926.114827201784,949.4096060943888,997.202248234857,584.1369379412859,606.9946116685247,685.411557041992,859.4514121144557,997.0373467112598,1157.9217762913418,1511.267186919361,,,,,,,,,,-17.022057937954482,28.68448875407679,-6.699957891270825,-15.429832814280209,2.5153229608675165,5.033932860346124,-41.422420679930894,3.9130676802938913,12.918886570988231,25.392022250625867,16.008576244968854,16.136249069381535,30.51548194902545,17.132649229471085,1103.0,Jumeirah Heights Clusters,Nakheel Company (PJSC),Al Thanyah Fifth,Jumeirah Islands,FINISHED,2012-01-02,2006-09-01,247.0,7.0,0.0,466.0,normal,Buildings,True,6,990,4.0,1.0,Apartment | Existing Properties | 3 B/R | Al Thanyah Fifth,Apartment | Existing Properties | 3 B/R | Al Thanyah Fifth | Nakheel Company (PJSC),30.51548194902545,16.008576244968854,17.132649229471085,4.0,1.0,2.0,615.0,36.0,62.0,3.0,1.0,1.0,14.506905704056596,True
1103.0,Apartment,3 B/R,Existing Properties,2014,1173.7235228539575,69,2706.39252,,,,,,,,,,1099.2005759940544,912.0940170940172,1173.7235228539575,1095.084541062802,926.114827201784,949.4096060943888,997.202248234857,584.1369379412859,606.9946116685247,685.411557041992,859.4514121144557,997.0373467112598,1157.9217762913418,1511.267186919361,,,,,,,,,,-17.022057937954482,28.68448875407679,-6.699957891270825,-15.429832814280209,2.5153229608675165,5.033932860346124,-41.422420679930894,3.9130676802938913,12.918886570988231,25.392022250625867,16.008576244968854,16.136249069381535,30.51548194902545,17.132649229471085,1103.0,Jumeirah Heights Clusters,Nakheel Company (PJSC),Al Thanyah Fifth,Jumeirah Islands,FINISHED,2012-01-02,2006-09-01,247.0,7.0,0.0,466.0,normal,Buildings,True,6,990,4.0,1.0,Apartment | Existing Properties | 3 B/R | Al Thanyah Fifth,Apartment | Existing Properties | 3 B/R | Al Thanyah Fifth | Nakheel Company (PJSC),30.51548194902545,16.008576244968854,17.132649229471085,4.0,1.0,2.0,615.0,36.0,62.0,3.0,1.0,1.0,14.506905704056596,True
1103.0,Apartment,3 B/R,Existing Properties,2015,1095.084541062802,61,2710.26756,,,,,,,,,,1099.2005759940544,912.0940170940172,1173.7235228539575,1095.084541062802,926.114827201784,949.4096060943888,997.202248234857,584.1369379412859,606.9946116685247,685.411557041992,859.4514121144557,997.0373467112598,1157.9217762913418,1511.267186919361,,,,,,,,,,-17.022057937954482,28.68448875407679,-6.699957891270825,-15.429832814280209,2.5153229608675165,5.033932860346124,-41.422420679930894,3.9130676802938913,12.918886570988231,25.392022250625867,16.008576244968854,16.136249069381535,30.51548194902545,17.132649229471085,1103.0,Jumeirah Heights Clusters,Nakheel Company (PJSC),Al Thanyah Fifth,Jumeirah Islands,FINISHED,2012-01-02,2006-09-01,247.0,7.0,0.0,466.0,normal,Buildings,True,6,990,4.0,1.0,Apartment | Existing Properties | 3 B/R | Al Thanyah Fifth,Apartment | Existing Properties | 3 B/R | Al Thanyah Fifth | Nakheel Company (PJSC),30.51548194902545,16.008576244968854,17.132649229471085,4.0,1.0,2.0,615.0,36.0,62.0,3.0,1.0,1.0,14.506905704056596,True
1103.0,Apartment,3 B/R,Existing Properties,2016,926.114827201784,29,2710.26756,,,,,,,,,,1099.2005759940544,912.0940170940172,1173.7235228539575,1095.084541062802,926.114827201784,949.4096060943888,997.202248234857,584.1369379412859,606.9946116685247,685.411557041992,859.4514121144557,997.0373467112598,1157.9217762913418,1511.267186919361,,,,,,,,,,-17.022057937954482,28.68448875407679,-6.699957891270825,-15.429832814280209,2.5153229608675165,5.033932860346124,-41.422420679930894,3.9130676802938913,12.918886570988231,25.392022250625867,16.008576244968854,16.136249069381535,30.51548194902545,17.132649229471085,1103.0,Jumeirah Heights Clusters,Nakheel Company (PJSC),Al Thanyah Fifth,Jumeirah Islands,FINISHED,2012-01-02,2006-09-01,247.0,7.0,0.0,466.0,normal,Buildings,True,6,990,4.0,1.0,Apartment | Existing Properties | 3 B/R | Al Thanyah Fifth,Apartment | Existing Properties | 3 B/R | Al Thanyah Fifth | Nakheel Company (PJSC),30.51548194902545,16.008576244968854,17.132649229471085,4.0,1.0,2.0,615.0,36.0,62.0,3.0,1.0,1.0,14.506905704056596,True
1103.0,Apartment,3 B/R,Existing Properties,2017,949.4096060943888,28,2755.63782,,,,,,,,,,1099.2005759940544,912.0940170940172,1173.7235228539575,1095.084541062802,926.114827201784,949.4096060943888,997.202248234857,584.1369379412859,606.9946116685247,685.411557041992,859.4514121144557,997.0373467112598,1157.9217762913418,1511.267186919361,,,,,,,,,,-17.022057937954482,28.68448875407679,-6.699957891270825,-15.429832814280209,2.5153229608675165,5.033932860346124,-41.422420679930894,3.9130676802938913,12.918886570988231,25.392022250625867,16.008576244968854,16.136249069381535,30.51548194902545,17.132649229471085,1103.0,Jumeirah Heights Clusters,Nakheel Company (PJSC),Al Thanyah Fifth,Jumeirah Islands,FINISHED,2012-01-02,2006-09-01,247.0,7.0,0.0,466.0,normal,Buildings,True,6,990,4.0,1.0,Apartment | Existing Properties | 3 B/R | Al Thanyah Fifth,Apartment | Existing Properties | 3 B/R | Al Thanyah Fifth | Nakheel Company (PJSC),30.51548194902545,16.008576244968854,17.132649229471085,4.0,1.0,2.0,615.0,36.0,62.0,3.0,1.0,1.0,14.506905704056596,True
1103.0,Apartment,3 B/R,Existing Properties,2018,997.202248234857,32,2707.57656,,,,,,,,,,1099.2005759940544,912.0940170940172,1173.7235228539575,1095.084541062802,926.114827201784,949.4096060943888,997.202248234857,584.1369379412859,606.9946116685247,685.411557041992,859.4514121144557,997.0373467112598,1157.9217762913418,1511.267186919361,,,,,,,,,,-17.022057937954482,28.68448875407679,-6.699957891270825,-15.429832814280209,2.5153229608675165,5.033932860346124,-41.422420679930894,3.9130676802938913,12.918886570988231,25.392022250625867,16.008576244968854,16.136249069381535,30.51548194902545,17.132649229471085,1103.0,Jumeirah Heights Clusters,Nakheel Company (PJSC),Al Thanyah Fifth,Jumeirah Islands,FINISHED,2012-01-02,2006-09-01,247.0,7.0,0.0,466.0,normal,Buildings,True,6,990,4.0,1.0,Apartment | Existing Properties | 3 B/R | Al Thanyah Fifth,Apartment | Existing Properties | 3 B/R | Al Thanyah Fifth | Nakheel Company (PJSC),30.51548194902545,16.008576244968854,17.132649229471085,4.0,1.0,2.0,615.0,36.0,62.0,3.0,1.0,1.0,14.506905704056596,True
1103.0,Apartment,3 B/R,Existing Properties,2019,584.1369379412859,14,2800.36224,,,,,,,,,,1099.2005759940544,912.0940170940172,1173.7235228539575,1095.084541062802,926.114827201784,949.4096060943888,997.202248234857,584.1369379412859,606.9946116685247,685.411557041992,859.4514121144557,997.0373467112598,1157.9217762913418,1511.267186919361,,,,,,,,,,-17.022057937954482,28.68448875407679,-6.699957891270825,-15.429832814280209,2.5153229608675165,5.033932860346124,-41.422420679930894,3.9130676802938913,12.918886570988231,25.392022250625867,16.008576244968854,16.136249069381535,30.51548194902545,17.132649229471085,1103.0,Jumeirah Heights Clusters,Nakheel Company (PJSC),Al Thanyah Fifth,Jumeirah Islands,FINISHED,2012-01-02,2006-09-01,247.0,7.0,0.0,466.0,normal,Buildings,True,6,990,4.0,1.0,Apartment | Existing Properties | 3 B/R | Al Thanyah Fifth,Apartment | Existing Properties | 3 B/R | Al Thanyah Fifth | Nakheel Company (PJSC),30.51548194902545,16.008576244968854,17.132649229471085,4.0,1.0,2.0,615.0,36.0,62.0,3.0,1.0,1.0,14.506905704056596,True
1103.0,Apartment,3 B/R,Existing Properties,2020,606.9946116685247,19,2800.46988,,,,,,,,,,1099.2005759940544,912.0940170940172,1173.7235228539575,1095.084541062802,926.114827201784,949.4096060943888,997.202248234857,584.1369379412859,606.9946116685247,685.411557041992,859.4514121144557,997.0373467112598,1157.9217762913418,1511.267186919361,,,,,,,,,,-17.022057937954482,28.68448875407679,-6.699957891270825,-15.429832814280209,2.5153229608675165,5.033932860346124,-41.422420679930894,3.9130676802938913,12.918886570988231,25.392022250625867,16.008576244968854,16.136249069381535,30.51548194902545,17.132649229471085,1103.0,Jumeirah Heights Clusters,Nakheel Company (PJSC),Al Thanyah Fifth,Jumeirah Islands,FINISHED,2012-01-02,2006-09-01,247.0,7.0,0.0,466.0,normal,Buildings,True,6,990,4.0,1.0,Apartment | Existing Properties | 3 B/R | Al Thanyah Fifth,Apartment | Existing Properties | 3 B/R | Al Thanyah Fifth | Nakheel Company (PJSC),30.51548194902545,16.008576244968854,17.132649229471085,4.0,1.0,2.0,615.0,36.0,62.0,3.0,1.0,1.0,14.506905704056596,True
1103.0,Apartment,3 B/R,Existing Properties,2021,685.411557041992,33,2557.5264,,,,,,,,,,1099.2005759940544,912.0940170940172,1173.7235228539575,1095.084541062802,926.114827201784,949.4096060943888,997.202248234857,584.1369379412859,606.9946116685247,685.411557041992,859.4514121144557,997.0373467112598,1157.9217762913418,1511.267186919361,,,,,,,,,,-17.022057937954482,28.68448875407679,-6.699957891270825,-15.429832814280209,2.5153229608675165,5.033932860346124,-41.422420679930894,3.9130676802938913,12.918886570988231,25.392022250625867,16.008576244968854,16.136249069381535,30.51548194902545,17.132649229471085,1103.0,Jumeirah Heights Clusters,Nakheel Company (PJSC),Al Thanyah Fifth,Jumeirah Islands,FINISHED,2012-01-02,2006-09-01,247.0,7.0,0.0,466.0,normal,Buildings,True,6,990,4.0,1.0,Apartment | Existing Properties | 3 B/R | Al Thanyah Fifth,Apartment | Existing Properties | 3 B/R | Al Thanyah Fifth | Nakheel Company (PJSC),30.51548194902545,16.008576244968854,17.132649229471085,4.0,1.0,2.0,615.0,36.0,62.0,3.0,1.0,1.0,14.506905704056596,True
1103.0,Apartment,3 B/R,Existing Properties,2022,859.4514121144557,32,2800.46988,,,,,,,,,,1099.2005759940544,912.0940170940172,1173.7235228539575,1095.084541062802,926.114827201784,949.4096060943888,997.202248234857,584.1369379412859,606.9946116685247,685.411557041992,859.4514121144557,997.0373467112598,1157.9217762913418,1511.267186919361,,,,,,,,,,-17.022057937954482,28.68448875407679,-6.699957891270825,-15.429832814280209,2.5153229608675165,5.033932860346124,-41.422420679930894,3.9130676802938913,12.918886570988231,25.392022250625867,16.008576244968854,16.136249069381535,30.51548194902545,17.132649229471085,1103.0,Jumeirah Heights Clusters,Nakheel Company (PJSC),Al Thanyah Fifth,Jumeirah Islands,FINISHED,2012-01-02,2006-09-01,247.0,7.0,0.0,466.0,normal,Buildings,True,6,990,4.0,1.0,Apartment | Existing Properties | 3 B/R | Al Thanyah Fifth,Apartment | Existing Properties | 3 B/R | Al Thanyah Fifth | Nakheel Company (PJSC),30.51548194902545,16.008576244968854,17.132649229471085,4.0,1.0,2.0,615.0,36.0,62.0,3.0,1.0,1.0,14.506905704056596,True
1103.0,Apartment,3 B/R,Existing Properties,2023,997.0373467112598,68,2708.7606,,,,,,,,,,1099.2005759940544,912.0940170940172,1173.7235228539575,1095.084541062802,926.114827201784,949.4096060943888,997.202248234857,584.1369379412859,606.9946116685247,685.411557041992,859.4514121144557,997.0373467112598,1157.9217762913418,1511.267186919361,,,,,,,,,,-17.022057937954482,28.68448875407679,-6.699957891270825,-15.429832814280209,2.5153229608675165,5.033932860346124,-41.422420679930894,3.9130676802938913,12.918886570988231,25.392022250625867,16.008576244968854,16.136249069381535,30.51548194902545,17.132649229471085,1103.0,Jumeirah Heights Clusters,Nakheel Company (PJSC),Al Thanyah Fifth,Jumeirah Islands,FINISHED,2012-01-02,2006-09-01,247.0,7.0,0.0,466.0,normal,Buildings,True,6,990,4.0,1.0,Apartment | Existing Properties | 3 B/R | Al Thanyah Fifth,Apartment | Existing Properties | 3 B/R | Al Thanyah Fifth | Nakheel Company (PJSC),30.51548194902545,16.008576244968854,17.132649229471085,4.0,1.0,2.0,615.0,36.0,62.0,3.0,1.0,1.0,14.506905704056596,True
1103.0,Apartment,3 B/R,Existing Properties,2024,1157.9217762913418,36,2556.88056,,,,,,,,,,1099.2005759940544,912.0940170940172,1173.7235228539575,1095.084541062802,926.114827201784,949.4096060943888,997.202248234857,584.1369379412859,606.9946116685247,685.411557041992,859.4514121144557,997.0373467112598,1157.9217762913418,1511.267186919361,,,,,,,,,,-17.022057937954482,28.68448875407679,-6.699957891270825,-15.429832814280209,2.5153229608675165,5.033932860346124,-41.422420679930894,3.9130676802938913,12.918886570988231,25.392022250625867,16.008576244968854,16.136249069381535,30.51548194902545,17.132649229471085,1103.0,Jumeirah Heights Clusters,Nakheel Company (PJSC),Al Thanyah Fifth,Jumeirah Islands,FINISHED,2012-01-02,2006-09-01,247.0,7.0,0.0,466.0,normal,Buildings,True,6,990,4.0,1.0,Apartment | Existing Properties | 3 B/R | Al Thanyah Fifth,Apartment | Existing Properties | 3 B/R | Al Thanyah Fifth | Nakheel Company (PJSC),30.51548194902545,16.008576244968854,17.132649229471085,4.0,1.0,2.0,615.0,36.0,62.0,3.0,1.0,1.0,14.506905704056596,True
1103.0,Apartment,3 B/R,Existing Properties,2025,1511.267186919361,1,2888.30412,,,,,,,,,,1099.2005759940544,912.0940170940172,1173.7235228539575,1095.084541062802,926.114827201784,949.4096060943888,997.202248234857,584.1369379412859,606.9946116685247,685.411557041992,859.4514121144557,997.0373467112598,1157.9217762913418,1511.267186919361,,,,,,,,,,-17.022057937954482,28.68448875407679,-6.699957891270825,-15.429832814280209,2.5153229608675165,5.033932860346124,-41.422420679930894,3.9130676802938913,12.918886570988231,25.392022250625867,16.008576244968854,16.136249069381535,30.51548194902545,17.132649229471085,1103.0,Jumeirah Heights Clusters,Nakheel Company (PJSC),Al Thanyah Fifth,Jumeirah Islands,FINISHED,2012-01-02,2006-09-01,247.0,7.0,0.0,466.0,normal,Buildings,True,6,990,4.0,1.0,Apartment | Existing Properties | 3 B/R | Al Thanyah Fifth,Apartment | Existing Properties | 3 B/R | Al Thanyah Fifth | Nakheel Company (PJSC),30.51548194902545,16.008576244968854,17.132649229471085,4.0,1.0,2.0,615.0,36.0,62.0,3.0,1.0,1.0,14.506905704056596,True
1260.0,Apartment,2 B/R,Existing Properties,2010,1050.898364920104,66,1314.6073199999998,,,,,,,,1050.898364920104,1144.179672984021,718.8461538461539,949.986993682646,1108.4671125975474,1038.4011519881085,798.7179487179487,1022.560850984764,839.0784095131922,722.6495726495727,659.8931623931625,760.6837606837607,853.2116313638053,941.772110739502,1083.9734299516908,1369.229840208101,,,,,,,,8.876339632616004,-37.17366504410947,32.154423947291555,16.682346176188133,-6.320977845273957,-23.08194697311975,28.02527508316468,-17.94342520495199,-13.875799394143383,-8.684210526315795,15.27377521613833,12.16377625793843,10.379661518929172,15.099334285927068,26.31581202771023,12.474596051407303,1260.0,Armada Towers,Dubai Multi Commodities Centre,Al Thanyah Fifth,Jumeirah Lakes Towers,FINISHED,2010-10-01,2009-10-18,1170.0,1.0,0.0,2.0,normal,Buildings,True,2,1066,6.0,2.0,Apartment | Existing Properties | 2 B/R | Al Thanyah Fifth,Apartment | Existing Properties | 2 B/R | Al Thanyah Fifth | Dubai Multi Commodities Centre,26.31581202771023,10.379661518929172,12.474596051407303,6.0,2.0,1.0,873.0,59.0,34.0,10.0,3.0,1.0,15.936150508781058,True
1260.0,Apartment,2 B/R,Existing Properties,2011,1144.179672984021,29,1314.6073199999998,,,,,,,,1050.898364920104,1144.179672984021,718.8461538461539,949.986993682646,1108.4671125975474,1038.4011519881085,798.7179487179487,1022.560850984764,839.0784095131922,722.6495726495727,659.8931623931625,760.6837606837607,853.2116313638053,941.772110739502,1083.9734299516908,1369.229840208101,,,,,,,,8.876339632616004,-37.17366504410947,32.154423947291555,16.682346176188133,-6.320977845273957,-23.08194697311975,28.02527508316468,-17.94342520495199,-13.875799394143383,-8.684210526315795,15.27377521613833,12.16377625793843,10.379661518929172,15.099334285927068,26.31581202771023,12.474596051407303,1260.0,Armada Towers,Dubai Multi Commodities Centre,Al Thanyah Fifth,Jumeirah Lakes Towers,FINISHED,2010-10-01,2009-10-18,1170.0,1.0,0.0,2.0,normal,Buildings,True,2,1066,6.0,2.0,Apartment | Existing Properties | 2 B/R | Al Thanyah Fifth,Apartment | Existing Properties | 2 B/R | Al Thanyah Fifth | Dubai Multi Commodities Centre,26.31581202771023,10.379661518929172,12.474596051407303,6.0,2.0,1.0,873.0,59.0,34.0,10.0,3.0,1.0,15.936150508781058,True
1260.0,Apartment,2 B/R,Existing Properties,2012,718.8461538461539,30,1314.6073199999998,,,,,,,,1050.898364920104,1144.179672984021,718.8461538461539,949.986993682646,1108.4671125975474,1038.4011519881085,798.7179487179487,1022.560850984764,839.0784095131922,722.6495726495727,659.8931623931625,760.6837606837607,853.2116313638053,941.772110739502,1083.9734299516908,1369.229840208101,,,,,,,,8.876339632616004,-37.17366504410947,32.154423947291555,16.682346176188133,-6.320977845273957,-23.08194697311975,28.02527508316468,-17.94342520495199,-13.875799394143383,-8.684210526315795,15.27377521613833,12.16377625793843,10.379661518929172,15.099334285927068,26.31581202771023,12.474596051407303,1260.0,Armada Towers,Dubai Multi Commodities Centre,Al Thanyah Fifth,Jumeirah Lakes Towers,FINISHED,2010-10-01,2009-10-18,1170.0,1.0,0.0,2.0,normal,Buildings,True,2,1066,6.0,2.0,Apartment | Existing Properties | 2 B/R | Al Thanyah Fifth,Apartment | Existing Properties | 2 B/R | Al Thanyah Fifth | Dubai Multi Commodities Centre,26.31581202771023,10.379661518929172,12.474596051407303,6.0,2.0,1.0,873.0,59.0,34.0,10.0,3.0,1.0,15.936150508781058,True
1260.0,Apartment,2 B/R,Existing Properties,2013,949.986993682646,35,1314.6073199999998,,,,,,,,1050.898364920104,1144.179672984021,718.8461538461539,949.986993682646,1108.4671125975474,1038.4011519881085,798.7179487179487,1022.560850984764,839.0784095131922,722.6495726495727,659.8931623931625,760.6837606837607,853.2116313638053,941.772110739502,1083.9734299516908,1369.229840208101,,,,,,,,8.876339632616004,-37.17366504410947,32.154423947291555,16.682346176188133,-6.320977845273957,-23.08194697311975,28.02527508316468,-17.94342520495199,-13.875799394143383,-8.684210526315795,15.27377521613833,12.16377625793843,10.379661518929172,15.099334285927068,26.31581202771023,12.474596051407303,1260.0,Armada Towers,Dubai Multi Commodities Centre,Al Thanyah Fifth,Jumeirah Lakes Towers,FINISHED,2010-10-01,2009-10-18,1170.0,1.0,0.0,2.0,normal,Buildings,True,2,1066,6.0,2.0,Apartment | Existing Properties | 2 B/R | Al Thanyah Fifth,Apartment | Existing Properties | 2 B/R | Al Thanyah Fifth | Dubai Multi Commodities Centre,26.31581202771023,10.379661518929172,12.474596051407303,6.0,2.0,1.0,873.0,59.0,34.0,10.0,3.0,1.0,15.936150508781058,True
1260.0,Apartment,2 B/R,Existing Properties,2014,1108.4671125975474,22,1314.6073199999998,,,,,,,,1050.898364920104,1144.179672984021,718.8461538461539,949.986993682646,1108.4671125975474,1038.4011519881085,798.7179487179487,1022.560850984764,839.0784095131922,722.6495726495727,659.8931623931625,760.6837606837607,853.2116313638053,941.772110739502,1083.9734299516908,1369.229840208101,,,,,,,,8.876339632616004,-37.17366504410947,32.154423947291555,16.682346176188133,-6.320977845273957,-23.08194697311975,28.02527508316468,-17.94342520495199,-13.875799394143383,-8.684210526315795,15.27377521613833,12.16377625793843,10.379661518929172,15.099334285927068,26.31581202771023,12.474596051407303,1260.0,Armada Towers,Dubai Multi Commodities Centre,Al Thanyah Fifth,Jumeirah Lakes Towers,FINISHED,2010-10-01,2009-10-18,1170.0,1.0,0.0,2.0,normal,Buildings,True,2,1066,6.0,2.0,Apartment | Existing Properties | 2 B/R | Al Thanyah Fifth,Apartment | Existing Properties | 2 B/R | Al Thanyah Fifth | Dubai Multi Commodities Centre,26.31581202771023,10.379661518929172,12.474596051407303,6.0,2.0,1.0,873.0,59.0,34.0,10.0,3.0,1.0,15.936150508781058,True
1260.0,Apartment,2 B/R,Existing Properties,2015,1038.4011519881085,23,1314.6073199999998,,,,,,,,1050.898364920104,1144.179672984021,718.8461538461539,949.986993682646,1108.4671125975474,1038.4011519881085,798.7179487179487,1022.560850984764,839.0784095131922,722.6495726495727,659.8931623931625,760.6837606837607,853.2116313638053,941.772110739502,1083.9734299516908,1369.229840208101,,,,,,,,8.876339632616004,-37.17366504410947,32.154423947291555,16.682346176188133,-6.320977845273957,-23.08194697311975,28.02527508316468,-17.94342520495199,-13.875799394143383,-8.684210526315795,15.27377521613833,12.16377625793843,10.379661518929172,15.099334285927068,26.31581202771023,12.474596051407303,1260.0,Armada Towers,Dubai Multi Commodities Centre,Al Thanyah Fifth,Jumeirah Lakes Towers,FINISHED,2010-10-01,2009-10-18,1170.0,1.0,0.0,2.0,normal,Buildings,True,2,1066,6.0,2.0,Apartment | Existing Properties | 2 B/R | Al Thanyah Fifth,Apartment | Existing Properties | 2 B/R | Al Thanyah Fifth | Dubai Multi Commodities Centre,26.31581202771023,10.379661518929172,12.474596051407303,6.0,2.0,1.0,873.0,59.0,34.0,10.0,3.0,1.0,15.936150508781058,True
1260.0,Apartment,2 B/R,Existing Properties,2016,798.7179487179487,29,1314.6073199999998,,,,,,,,1050.898364920104,1144.179672984021,718.8461538461539,949.986993682646,1108.4671125975474,1038.4011519881085,798.7179487179487,1022.560850984764,839.0784095131922,722.6495726495727,659.8931623931625,760.6837606837607,853.2116313638053,941.772110739502,1083.9734299516908,1369.229840208101,,,,,,,,8.876339632616004,-37.17366504410947,32.154423947291555,16.682346176188133,-6.320977845273957,-23.08194697311975,28.02527508316468,-17.94342520495199,-13.875799394143383,-8.684210526315795,15.27377521613833,12.16377625793843,10.379661518929172,15.099334285927068,26.31581202771023,12.474596051407303,1260.0,Armada Towers,Dubai Multi Commodities Centre,Al Thanyah Fifth,Jumeirah Lakes Towers,FINISHED,2010-10-01,2009-10-18,1170.0,1.0,0.0,2.0,normal,Buildings,True,2,1066,6.0,2.0,Apartment | Existing Properties | 2 B/R | Al Thanyah Fifth,Apartment | Existing Properties | 2 B/R | Al Thanyah Fifth | Dubai Multi Commodities Centre,26.31581202771023,10.379661518929172,12.474596051407303,6.0,2.0,1.0,873.0,59.0,34.0,10.0,3.0,1.0,15.936150508781058,True
1260.0,Apartment,2 B/R,Existing Properties,2017,1022.560850984764,18,1314.6073199999998,,,,,,,,1050.898364920104,1144.179672984021,718.8461538461539,949.986993682646,1108.4671125975474,1038.4011519881085,798.7179487179487,1022.560850984764,839.0784095131922,722.6495726495727,659.8931623931625,760.6837606837607,853.2116313638053,941.772110739502,1083.9734299516908,1369.229840208101,,,,,,,,8.876339632616004,-37.17366504410947,32.154423947291555,16.682346176188133,-6.320977845273957,-23.08194697311975,28.02527508316468,-17.94342520495199,-13.875799394143383,-8.684210526315795,15.27377521613833,12.16377625793843,10.379661518929172,15.099334285927068,26.31581202771023,12.474596051407303,1260.0,Armada Towers,Dubai Multi Commodities Centre,Al Thanyah Fifth,Jumeirah Lakes Towers,FINISHED,2010-10-01,2009-10-18,1170.0,1.0,0.0,2.0,normal,Buildings,True,2,1066,6.0,2.0,Apartment | Existing Properties | 2 B/R | Al Thanyah Fifth,Apartment | Existing Properties | 2 B/R | Al Thanyah Fifth | Dubai Multi Commodities Centre,26.31581202771023,10.379661518929172,12.474596051407303,6.0,2.0,1.0,873.0,59.0,34.0,10.0,3.0,1.0,15.936150508781058,True
1260.0,Apartment,2 B/R,Existing Properties,2018,839.0784095131922,7,1314.6073199999998,,,,,,,,1050.898364920104,1144.179672984021,718.8461538461539,949.986993682646,1108.4671125975474,1038.4011519881085,798.7179487179487,1022.560850984764,839.0784095131922,722.6495726495727,659.8931623931625,760.6837606837607,853.2116313638053,941.772110739502,1083.9734299516908,1369.229840208101,,,,,,,,8.876339632616004,-37.17366504410947,32.154423947291555,16.682346176188133,-6.320977845273957,-23.08194697311975,28.02527508316468,-17.94342520495199,-13.875799394143383,-8.684210526315795,15.27377521613833,12.16377625793843,10.379661518929172,15.099334285927068,26.31581202771023,12.474596051407303,1260.0,Armada Towers,Dubai Multi Commodities Centre,Al Thanyah Fifth,Jumeirah Lakes Towers,FINISHED,2010-10-01,2009-10-18,1170.0,1.0,0.0,2.0,normal,Buildings,True,2,1066,6.0,2.0,Apartment | Existing Properties | 2 B/R | Al Thanyah Fifth,Apartment | Existing Properties | 2 B/R | Al Thanyah Fifth | Dubai Multi Commodities Centre,26.31581202771023,10.379661518929172,12.474596051407303,6.0,2.0,1.0,873.0,59.0,34.0,10.0,3.0,1.0,15.936150508781058,True
1260.0,Apartment,2 B/R,Existing Properties,2019,722.6495726495727,7,1314.6073199999998,,,,,,,,1050.898364920104,1144.179672984021,718.8461538461539,949.986993682646,1108.4671125975474,1038.4011519881085,798.7179487179487,1022.560850984764,839.0784095131922,722.6495726495727,659.8931623931625,760.6837606837607,853.2116313638053,941.772110739502,1083.9734299516908,1369.229840208101,,,,,,,,8.876339632616004,-37.17366504410947,32.154423947291555,16.682346176188133,-6.320977845273957,-23.08194697311975,28.02527508316468,-17.94342520495199,-13.875799394143383,-8.684210526315795,15.27377521613833,12.16377625793843,10.379661518929172,15.099334285927068,26.31581202771023,12.474596051407303,1260.0,Armada Towers,Dubai Multi Commodities Centre,Al Thanyah Fifth,Jumeirah Lakes Towers,FINISHED,2010-10-01,2009-10-18,1170.0,1.0,0.0,2.0,normal,Buildings,True,2,1066,6.0,2.0,Apartment | Existing Properties | 2 B/R | Al Thanyah Fifth,Apartment | Existing Properties | 2 B/R | Al Thanyah Fifth | Dubai Multi Commodities Centre,26.31581202771023,10.379661518929172,12.474596051407303,6.0,2.0,1.0,873.0,59.0,34.0,10.0,3.0,1.0,15.936150508781058,True
1260.0,Apartment,2 B/R,Existing Properties,2020,659.8931623931625,8,1256.9661,,,,,,,,1050.898364920104,1144.179672984021,718.8461538461539,949.986993682646,1108.4671125975474,1038.4011519881085,798.7179487179487,1022.560850984764,839.0784095131922,722.6495726495727,659.8931623931625,760.6837606837607,853.2116313638053,941.772110739502,1083.9734299516908,1369.229840208101,,,,,,,,8.876339632616004,-37.17366504410947,32.154423947291555,16.682346176188133,-6.320977845273957,-23.08194697311975,28.02527508316468,-17.94342520495199,-13.875799394143383,-8.684210526315795,15.27377521613833,12.16377625793843,10.379661518929172,15.099334285927068,26.31581202771023,12.474596051407303,1260.0,Armada Towers,Dubai Multi Commodities Centre,Al Thanyah Fifth,Jumeirah Lakes Towers,FINISHED,2010-10-01,2009-10-18,1170.0,1.0,0.0,2.0,normal,Buildings,True,2,1066,6.0,2.0,Apartment | Existing Properties | 2 B/R | Al Thanyah Fifth,Apartment | Existing Properties | 2 B/R | Al Thanyah Fifth | Dubai Multi Commodities Centre,26.31581202771023,10.379661518929172,12.474596051407303,6.0,2.0,1.0,873.0,59.0,34.0,10.0,3.0,1.0,15.936150508781058,True
1260.0,Apartment,2 B/R,Existing Properties,2021,760.6837606837607,15,1314.6073199999998,,,,,,,,1050.898364920104,1144.179672984021,718.8461538461539,949.986993682646,1108.4671125975474,1038.4011519881085,798.7179487179487,1022.560850984764,839.0784095131922,722.6495726495727,659.8931623931625,760.6837606837607,853.2116313638053,941.772110739502,1083.9734299516908,1369.229840208101,,,,,,,,8.876339632616004,-37.17366504410947,32.154423947291555,16.682346176188133,-6.320977845273957,-23.08194697311975,28.02527508316468,-17.94342520495199,-13.875799394143383,-8.684210526315795,15.27377521613833,12.16377625793843,10.379661518929172,15.099334285927068,26.31581202771023,12.474596051407303,1260.0,Armada Towers,Dubai Multi Commodities Centre,Al Thanyah Fifth,Jumeirah Lakes Towers,FINISHED,2010-10-01,2009-10-18,1170.0,1.0,0.0,2.0,normal,Buildings,True,2,1066,6.0,2.0,Apartment | Existing Properties | 2 B/R | Al Thanyah Fifth,Apartment | Existing Properties | 2 B/R | Al Thanyah Fifth | Dubai Multi Commodities Centre,26.31581202771023,10.379661518929172,12.474596051407303,6.0,2.0,1.0,873.0,59.0,34.0,10.0,3.0,1.0,15.936150508781058,True
1260.0,Apartment,2 B/R,Existing Properties,2022,853.2116313638053,19,1314.6073199999998,,,,,,,,1050.898364920104,1144.179672984021,718.8461538461539,949.986993682646,1108.4671125975474,1038.4011519881085,798.7179487179487,1022.560850984764,839.0784095131922,722.6495726495727,659.8931623931625,760.6837606837607,853.2116313638053,941.772110739502,1083.9734299516908,1369.229840208101,,,,,,,,8.876339632616004,-37.17366504410947,32.154423947291555,16.682346176188133,-6.320977845273957,-23.08194697311975,28.02527508316468,-17.94342520495199,-13.875799394143383,-8.684210526315795,15.27377521613833,12.16377625793843,10.379661518929172,15.099334285927068,26.31581202771023,12.474596051407303,1260.0,Armada Towers,Dubai Multi Commodities Centre,Al Thanyah Fifth,Jumeirah Lakes Towers,FINISHED,2010-10-01,2009-10-18,1170.0,1.0,0.0,2.0,normal,Buildings,True,2,1066,6.0,2.0,Apartment | Existing Properties | 2 B/R | Al Thanyah Fifth,Apartment | Existing Properties | 2 B/R | Al Thanyah Fifth | Dubai Multi Commodities Centre,26.31581202771023,10.379661518929172,12.474596051407303,6.0,2.0,1.0,873.0,59.0,34.0,10.0,3.0,1.0,15.936150508781058,True
1260.0,Apartment,2 B/R,Existing Properties,2023,941.772110739502,28,1314.6073199999998,,,,,,,,1050.898364920104,1144.179672984021,718.8461538461539,949.986993682646,1108.4671125975474,1038.4011519881085,798.7179487179487,1022.560850984764,839.0784095131922,722.6495726495727,659.8931623931625,760.6837606837607,853.2116313638053,941.772110739502,1083.9734299516908,1369.229840208101,,,,,,,,8.876339632616004,-37.17366504410947,32.154423947291555,16.682346176188133,-6.320977845273957,-23.08194697311975,28.02527508316468,-17.94342520495199,-13.875799394143383,-8.684210526315795,15.27377521613833,12.16377625793843,10.379661518929172,15.099334285927068,26.31581202771023,12.474596051407303,1260.0,Armada Towers,Dubai Multi Commodities Centre,Al Thanyah Fifth,Jumeirah Lakes Towers,FINISHED,2010-10-01,2009-10-18,1170.0,1.0,0.0,2.0,normal,Buildings,True,2,1066,6.0,2.0,Apartment | Existing Properties | 2 B/R | Al Thanyah Fifth,Apartment | Existing Properties | 2 B/R | Al Thanyah Fifth | Dubai Multi Commodities Centre,26.31581202771023,10.379661518929172,12.474596051407303,6.0,2.0,1.0,873.0,59.0,34.0,10.0,3.0,1.0,15.936150508781058,True
1260.0,Apartment,2 B/R,Existing Properties,2024,1083.9734299516908,14,1314.6073199999998,,,,,,,,1050.898364920104,1144.179672984021,718.8461538461539,949.986993682646,1108.4671125975474,1038.4011519881085,798.7179487179487,1022.560850984764,839.0784095131922,722.6495726495727,659.8931623931625,760.6837606837607,853.2116313638053,941.772110739502,1083.9734299516908,1369.229840208101,,,,,,,,8.876339632616004,-37.17366504410947,32.154423947291555,16.682346176188133,-6.320977845273957,-23.08194697311975,28.02527508316468,-17.94342520495199,-13.875799394143383,-8.684210526315795,15.27377521613833,12.16377625793843,10.379661518929172,15.099334285927068,26.31581202771023,12.474596051407303,1260.0,Armada Towers,Dubai Multi Commodities Centre,Al Thanyah Fifth,Jumeirah Lakes Towers,FINISHED,2010-10-01,2009-10-18,1170.0,1.0,0.0,2.0,normal,Buildings,True,2,1066,6.0,2.0,Apartment | Existing Properties | 2 B/R | Al Thanyah Fifth,Apartment | Existing Properties | 2 B/R | Al Thanyah Fifth | Dubai Multi Commodities Centre,26.31581202771023,10.379661518929172,12.474596051407303,6.0,2.0,1.0,873.0,59.0,34.0,10.0,3.0,1.0,15.936150508781058,True
1260.0,Apartment,2 B/R,Existing Properties,2025,1369.229840208101,1,1314.6073199999998,,,,,,,,1050.898364920104,1144.179672984021,718.8461538461539,949.986993682646,1108.4671125975474,1038.4011519881085,798.7179487179487,1022.560850984764,839.0784095131922,722.6495726495727,659.8931623931625,760.6837606837607,853.2116313638053,941.772110739502,1083.9734299516908,1369.229840208101,,,,,,,,8.876339632616004,-37.17366504410947,32.154423947291555,16.682346176188133,-6.320977845273957,-23.08194697311975,28.02527508316468,-17.94342520495199,-13.875799394143383,-8.684210526315795,15.27377521613833,12.16377625793843,10.379661518929172,15.099334285927068,26.31581202771023,12.474596051407303,1260.0,Armada Towers,Dubai Multi Commodities Centre,Al Thanyah Fifth,Jumeirah Lakes Towers,FINISHED,2010-10-01,2009-10-18,1170.0,1.0,0.0,2.0,normal,Buildings,True,2,1066,6.0,2.0,Apartment | Existing Properties | 2 B/R | Al Thanyah Fifth,Apartment | Existing Properties | 2 B/R | Al Thanyah Fifth | Dubai Multi Commodities Centre,26.31581202771023,10.379661518929172,12.474596051407303,6.0,2.0,1.0,873.0,59.0,34.0,10.0,3.0,1.0,15.936150508781058,True
1483.0,Apartment,2 B/R,Existing Properties,2019,917.828409513192,22,1534.19292,,,,,,,,,,,,,,,,,917.828409513192,669.3459680416202,1032.0289855072465,1072.8850798959495,1169.9098848011893,1249.9168524712004,1635.987551096247,,,,,,,,,,,,,,,,,-27.0728644805585,54.1846869604322,3.958812684764101,9.043354849770967,6.83872909438723,30.887710479441036,9.652268265760757,11561444.0,The Atria,Business Gulf LLC,Business Bay,Business Bay,FINISHED,2018-04-30,2014-02-20,577.0,2.0,0.0,0.0,normal,Buildings,True,1,433,3.0,1.0,Apartment | Existing Properties | 2 B/R | Business Bay,Apartment | Existing Properties | 2 B/R | Business Bay | Business Gulf LLC,30.887710479441036,9.043354849770967,9.652268265760757,3.0,1.0,1.0,928.0,73.0,50.0,19.0,2.0,2.0,21.84435562967007,True
1483.0,Apartment,2 B/R,Existing Properties,2020,669.3459680416202,4,1469.5551,,,,,,,,,,,,,,,,,917.828409513192,669.3459680416202,1032.0289855072465,1072.8850798959495,1169.9098848011893,1249.9168524712004,1635.987551096247,,,,,,,,,,,,,,,,,-27.0728644805585,54.1846869604322,3.958812684764101,9.043354849770967,6.83872909438723,30.887710479441036,9.652268265760757,11561444.0,The Atria,Business Gulf LLC,Business Bay,Business Bay,FINISHED,2018-04-30,2014-02-20,577.0,2.0,0.0,0.0,normal,Buildings,True,1,433,3.0,1.0,Apartment | Existing Properties | 2 B/R | Business Bay,Apartment | Existing Properties | 2 B/R | Business Bay | Business Gulf LLC,30.887710479441036,9.043354849770967,9.652268265760757,3.0,1.0,1.0,928.0,73.0,50.0,19.0,2.0,2.0,21.84435562967007,True
1483.0,Apartment,2 B/R,Existing Properties,2021,1032.0289855072465,5,1515.5712,,,,,,,,,,,,,,,,,917.828409513192,669.3459680416202,1032.0289855072465,1072.8850798959495,1169.9098848011893,1249.9168524712004,1635.987551096247,,,,,,,,,,,,,,,,,-27.0728644805585,54.1846869604322,3.958812684764101,9.043354849770967,6.83872909438723,30.887710479441036,9.652268265760757,11561444.0,The Atria,Business Gulf LLC,Business Bay,Business Bay,FINISHED,2018-04-30,2014-02-20,577.0,2.0,0.0,0.0,normal,Buildings,True,1,433,3.0,1.0,Apartment | Existing Properties | 2 B/R | Business Bay,Apartment | Existing Properties | 2 B/R | Business Bay | Business Gulf LLC,30.887710479441036,9.043354849770967,9.652268265760757,3.0,1.0,1.0,928.0,73.0,50.0,19.0,2.0,2.0,21.84435562967007,True
1483.0,Apartment,2 B/R,Existing Properties,2022,1072.8850798959495,16,1521.81432,,,,,,,,,,,,,,,,,917.828409513192,669.3459680416202,1032.0289855072465,1072.8850798959495,1169.9098848011893,1249.9168524712004,1635.987551096247,,,,,,,,,,,,,,,,,-27.0728644805585,54.1846869604322,3.958812684764101,9.043354849770967,6.83872909438723,30.887710479441036,9.652268265760757,11561444.0,The Atria,Business Gulf LLC,Business Bay,Business Bay,FINISHED,2018-04-30,2014-02-20,577.0,2.0,0.0,0.0,normal,Buildings,True,1,433,3.0,1.0,Apartment | Existing Properties | 2 B/R | Business Bay,Apartment | Existing Properties | 2 B/R | Business Bay | Business Gulf LLC,30.887710479441036,9.043354849770967,9.652268265760757,3.0,1.0,1.0,928.0,73.0,50.0,19.0,2.0,2.0,21.84435562967007,True
1483.0,Apartment,2 B/R,Existing Properties,2023,1169.9098848011893,31,1557.33552,,,,,,,,,,,,,,,,,917.828409513192,669.3459680416202,1032.0289855072465,1072.8850798959495,1169.9098848011893,1249.9168524712004,1635.987551096247,,,,,,,,,,,,,,,,,-27.0728644805585,54.1846869604322,3.958812684764101,9.043354849770967,6.83872909438723,30.887710479441036,9.652268265760757,11561444.0,The Atria,Business Gulf LLC,Business Bay,Business Bay,FINISHED,2018-04-30,2014-02-20,577.0,2.0,0.0,0.0,normal,Buildings,True,1,433,3.0,1.0,Apartment | Existing Properties | 2 B/R | Business Bay,Apartment | Existing Properties | 2 B/R | Business Bay | Business Gulf LLC,30.887710479441036,9.043354849770967,9.652268265760757,3.0,1.0,1.0,928.0,73.0,50.0,19.0,2.0,2.0,21.84435562967007,True
1483.0,Apartment,2 B/R,Existing Properties,2024,1249.9168524712004,26,1545.81804,,,,,,,,,,,,,,,,,917.828409513192,669.3459680416202,1032.0289855072465,1072.8850798959495,1169.9098848011893,1249.9168524712004,1635.987551096247,,,,,,,,,,,,,,,,,-27.0728644805585,54.1846869604322,3.958812684764101,9.043354849770967,6.83872909438723,30.887710479441036,9.652268265760757,11561444.0,The Atria,Business Gulf LLC,Business Bay,Business Bay,FINISHED,2018-04-30,2014-02-20,577.0,2.0,0.0,0.0,normal,Buildings,True,1,433,3.0,1.0,Apartment | Existing Properties | 2 B/R | Business Bay,Apartment | Existing Properties | 2 B/R | Business Bay | Business Gulf LLC,30.887710479441036,9.043354849770967,9.652268265760757,3.0,1.0,1.0,928.0,73.0,50.0,19.0,2.0,2.0,21.84435562967007,True
1483.0,Apartment,2 B/R,Existing Properties,2025,1635.987551096247,1,1558.41192,,,,,,,,,,,,,,,,,917.828409513192,669.3459680416202,1032.0289855072465,1072.8850798959495,1169.9098848011893,1249.9168524712004,1635.987551096247,,,,,,,,,,,,,,,,,-27.0728644805585,54.1846869604322,3.958812684764101,9.043354849770967,6.83872909438723,30.887710479441036,9.652268265760757,11561444.0,The Atria,Business Gulf LLC,Business Bay,Business Bay,FINISHED,2018-04-30,2014-02-20,577.0,2.0,0.0,0.0,normal,Buildings,True,1,433,3.0,1.0,Apartment | Existing Properties | 2 B/R | Business Bay,Apartment | Existing Properties | 2 B/R | Business Bay | Business Gulf LLC,30.887710479441036,9.043354849770967,9.652268265760757,3.0,1.0,1.0,928.0,73.0,50.0,19.0,2.0,2.0,21.84435562967007,True
1504.0,Apartment,3 B/R,Existing Properties,2017,1239.150873281308,2,1917.3375,,,,,,,,,,,,,,,1239.150873281308,,825.3404868078782,,731.5217391304349,877.3940914158306,882.518115942029,960.4477889260498,1092.4530843552584,,,,,,,,,,,,,,,,,,,19.940945631881736,0.5840049045611639,8.830376575424314,13.744140696790376,8.3515458212031,12423050.0,Damac Hills - Bromandy Golf,Damac Crescent Properties LLC,Al Hebiah Third,DAMAC HILLS,FINISHED,2019-09-15,2014-01-08,741.0,8.0,0.0,1.0,normal,Buildings,True,8,1039,18.0,1.0,Apartment | Existing Properties | 3 B/R | Al Hebiah Third,Apartment | Existing Properties | 3 B/R | Al Hebiah Third | Damac Crescent Properties LLC,13.744140696790376,0.5840049045611639,8.3515458212031,18.0,1.0,1.0,1276.0,27.0,21.0,25.0,1.0,1.0,13.160135792229212,True
1504.0,Apartment,3 B/R,Existing Properties,2019,825.3404868078782,2,2989.701,,,,,,,,,,,,,,,1239.150873281308,,825.3404868078782,,731.5217391304349,877.3940914158306,882.518115942029,960.4477889260498,1092.4530843552584,,,,,,,,,,,,,,,,,,,19.940945631881736,0.5840049045611639,8.830376575424314,13.744140696790376,8.3515458212031,12423050.0,Damac Hills - Bromandy Golf,Damac Crescent Properties LLC,Al Hebiah Third,DAMAC HILLS,FINISHED,2019-09-15,2014-01-08,741.0,8.0,0.0,1.0,normal,Buildings,True,8,1039,18.0,1.0,Apartment | Existing Properties | 3 B/R | Al Hebiah Third,Apartment | Existing Properties | 3 B/R | Al Hebiah Third | Damac Crescent Properties LLC,13.744140696790376,0.5840049045611639,8.3515458212031,18.0,1.0,1.0,1276.0,27.0,21.0,25.0,1.0,1.0,13.160135792229212,True
1504.0,Apartment,3 B/R,Existing Properties,2021,731.5217391304349,17,2258.71776,,,,,,,,,,,,,,,1239.150873281308,,825.3404868078782,,731.5217391304349,877.3940914158306,882.518115942029,960.4477889260498,1092.4530843552584,,,,,,,,,,,,,,,,,,,19.940945631881736,0.5840049045611639,8.830376575424314,13.744140696790376,8.3515458212031,12423050.0,Damac Hills - Bromandy Golf,Damac Crescent Properties LLC,Al Hebiah Third,DAMAC HILLS,FINISHED,2019-09-15,2014-01-08,741.0,8.0,0.0,1.0,normal,Buildings,True,8,1039,18.0,1.0,Apartment | Existing Properties | 3 B/R | Al Hebiah Third,Apartment | Existing Properties | 3 B/R | Al Hebiah Third | Damac Crescent Properties LLC,13.744140696790376,0.5840049045611639,8.3515458212031,18.0,1.0,1.0,1276.0,27.0,21.0,25.0,1.0,1.0,13.160135792229212,True
1504.0,Apartment,3 B/R,Existing Properties,2022,877.3940914158306,23,2618.8812,,,,,,,,,,,,,,,1239.150873281308,,825.3404868078782,,731.5217391304349,877.3940914158306,882.518115942029,960.4477889260498,1092.4530843552584,,,,,,,,,,,,,,,,,,,19.940945631881736,0.5840049045611639,8.830376575424314,13.744140696790376,8.3515458212031,12423050.0,Damac Hills - Bromandy Golf,Damac Crescent Properties LLC,Al Hebiah Third,DAMAC HILLS,FINISHED,2019-09-15,2014-01-08,741.0,8.0,0.0,1.0,normal,Buildings,True,8,1039,18.0,1.0,Apartment | Existing Properties | 3 B/R | Al Hebiah Third,Apartment | Existing Properties | 3 B/R | Al Hebiah Third | Damac Crescent Properties LLC,13.744140696790376,0.5840049045611639,8.3515458212031,18.0,1.0,1.0,1276.0,27.0,21.0,25.0,1.0,1.0,13.160135792229212,True
1504.0,Apartment,3 B/R,Existing Properties,2023,882.518115942029,40,2412.85824,,,,,,,,,,,,,,,1239.150873281308,,825.3404868078782,,731.5217391304349,877.3940914158306,882.518115942029,960.4477889260498,1092.4530843552584,,,,,,,,,,,,,,,,,,,19.940945631881736,0.5840049045611639,8.830376575424314,13.744140696790376,8.3515458212031,12423050.0,Damac Hills - Bromandy Golf,Damac Crescent Properties LLC,Al Hebiah Third,DAMAC HILLS,FINISHED,2019-09-15,2014-01-08,741.0,8.0,0.0,1.0,normal,Buildings,True,8,1039,18.0,1.0,Apartment | Existing Properties | 3 B/R | Al Hebiah Third,Apartment | Existing Properties | 3 B/R | Al Hebiah Third | Damac Crescent Properties LLC,13.744140696790376,0.5840049045611639,8.3515458212031,18.0,1.0,1.0,1276.0,27.0,21.0,25.0,1.0,1.0,13.160135792229212,True
1504.0,Apartment,3 B/R,Existing Properties,2024,960.4477889260498,29,2112.9732,,,,,,,,,,,,,,,1239.150873281308,,825.3404868078782,,731.5217391304349,877.3940914158306,882.518115942029,960.4477889260498,1092.4530843552584,,,,,,,,,,,,,,,,,,,19.940945631881736,0.5840049045611639,8.830376575424314,13.744140696790376,8.3515458212031,12423050.0,Damac Hills - Bromandy Golf,Damac Crescent Properties LLC,Al Hebiah Third,DAMAC HILLS,FINISHED,2019-09-15,2014-01-08,741.0,8.0,0.0,1.0,normal,Buildings,True,8,1039,18.0,1.0,Apartment | Existing Properties | 3 B/R | Al Hebiah Third,Apartment | Existing Properties | 3 B/R | Al Hebiah Third | Damac Crescent Properties LLC,13.744140696790376,0.5840049045611639,8.3515458212031,18.0,1.0,1.0,1276.0,27.0,21.0,25.0,1.0,1.0,13.160135792229212,True
1504.0,Apartment,3 B/R,Existing Properties,2025,1092.4530843552584,2,2113.40376,,,,,,,,,,,,,,,1239.150873281308,,825.3404868078782,,731.5217391304349,877.3940914158306,882.518115942029,960.4477889260498,1092.4530843552584,,,,,,,,,,,,,,,,,,,19.940945631881736,0.5840049045611639,8.830376575424314,13.744140696790376,8.3515458212031,12423050.0,Damac Hills - Bromandy Golf,Damac Crescent Properties LLC,Al Hebiah Third,DAMAC HILLS,FINISHED,2019-09-15,2014-01-08,741.0,8.0,0.0,1.0,normal,Buildings,True,8,1039,18.0,1.0,Apartment | Existing Properties | 3 B/R | Al Hebiah Third,Apartment | Existing Properties | 3 B/R | Al Hebiah Third | Damac Crescent Properties LLC,13.744140696790376,0.5840049045611639,8.3515458212031,18.0,1.0,1.0,1276.0,27.0,21.0,25.0,1.0,1.0,13.160135792229212,True
1534.0,Villa,3 B/R,Existing Properties,2018,797.3439241917504,38,1910.82528,,,,,,,,,,,,,,,,797.3439241917504,996.9147157190636,843.6148272017838,774.5345596432553,1036.201226309922,1021.5937383872168,1202.670011148272,1584.8383500557416,,,,,,,,,,,,,,,,25.02944908367035,-15.37743260281862,-8.188602823359957,33.783730294383304,-1.4097153672289031,17.72488083638015,31.77665821587976,15.395489623672166,12867116.0,Dreams,Al Furjan LLC,Jabal Ali First,Al Furjan,FINISHED,2016-01-03,2014-01-09,0.0,0.0,171.0,46.0,normal,Villa complex,True,0,494,1.0,1.0,Villa | Existing Properties | 3 B/R | Jabal Ali First,Villa | Existing Properties | 3 B/R | Jabal Ali First | Al Furjan LLC,31.77665821587976,-1.4097153672289031,15.395489623672166,1.0,1.0,1.0,152.0,3.0,3.0,2.0,1.0,1.0,33.18637358310866,True
1534.0,Villa,3 B/R,Existing Properties,2019,996.9147157190636,22,1956.03408,,,,,,,,,,,,,,,,797.3439241917504,996.9147157190636,843.6148272017838,774.5345596432553,1036.201226309922,1021.5937383872168,1202.670011148272,1584.8383500557416,,,,,,,,,,,,,,,,25.02944908367035,-15.37743260281862,-8.188602823359957,33.783730294383304,-1.4097153672289031,17.72488083638015,31.77665821587976,15.395489623672166,12867116.0,Dreams,Al Furjan LLC,Jabal Ali First,Al Furjan,FINISHED,2016-01-03,2014-01-09,0.0,0.0,171.0,46.0,normal,Villa complex,True,0,494,1.0,1.0,Villa | Existing Properties | 3 B/R | Jabal Ali First,Villa | Existing Properties | 3 B/R | Jabal Ali First | Al Furjan LLC,31.77665821587976,-1.4097153672289031,15.395489623672166,1.0,1.0,1.0,152.0,3.0,3.0,2.0,1.0,1.0,33.18637358310866,True
1534.0,Villa,3 B/R,Existing Properties,2020,843.6148272017838,9,1910.82528,,,,,,,,,,,,,,,,797.3439241917504,996.9147157190636,843.6148272017838,774.5345596432553,1036.201226309922,1021.5937383872168,1202.670011148272,1584.8383500557416,,,,,,,,,,,,,,,,25.02944908367035,-15.37743260281862,-8.188602823359957,33.783730294383304,-1.4097153672289031,17.72488083638015,31.77665821587976,15.395489623672166,12867116.0,Dreams,Al Furjan LLC,Jabal Ali First,Al Furjan,FINISHED,2016-01-03,2014-01-09,0.0,0.0,171.0,46.0,normal,Villa complex,True,0,494,1.0,1.0,Villa | Existing Properties | 3 B/R | Jabal Ali First,Villa | Existing Properties | 3 B/R | Jabal Ali First | Al Furjan LLC,31.77665821587976,-1.4097153672289031,15.395489623672166,1.0,1.0,1.0,152.0,3.0,3.0,2.0,1.0,1.0,33.18637358310866,True
1534.0,Villa,3 B/R,Existing Properties,2021,774.5345596432553,23,1910.82528,,,,,,,,,,,,,,,,797.3439241917504,996.9147157190636,843.6148272017838,774.5345596432553,1036.201226309922,1021.5937383872168,1202.670011148272,1584.8383500557416,,,,,,,,,,,,,,,,25.02944908367035,-15.37743260281862,-8.188602823359957,33.783730294383304,-1.4097153672289031,17.72488083638015,31.77665821587976,15.395489623672166,12867116.0,Dreams,Al Furjan LLC,Jabal Ali First,Al Furjan,FINISHED,2016-01-03,2014-01-09,0.0,0.0,171.0,46.0,normal,Villa complex,True,0,494,1.0,1.0,Villa | Existing Properties | 3 B/R | Jabal Ali First,Villa | Existing Properties | 3 B/R | Jabal Ali First | Al Furjan LLC,31.77665821587976,-1.4097153672289031,15.395489623672166,1.0,1.0,1.0,152.0,3.0,3.0,2.0,1.0,1.0,33.18637358310866,True
1534.0,Villa,3 B/R,Existing Properties,2022,1036.201226309922,11,1910.82528,,,,,,,,,,,,,,,,797.3439241917504,996.9147157190636,843.6148272017838,774.5345596432553,1036.201226309922,1021.5937383872168,1202.670011148272,1584.8383500557416,,,,,,,,,,,,,,,,25.02944908367035,-15.37743260281862,-8.188602823359957,33.783730294383304,-1.4097153672289031,17.72488083638015,31.77665821587976,15.395489623672166,12867116.0,Dreams,Al Furjan LLC,Jabal Ali First,Al Furjan,FINISHED,2016-01-03,2014-01-09,0.0,0.0,171.0,46.0,normal,Villa complex,True,0,494,1.0,1.0,Villa | Existing Properties | 3 B/R | Jabal Ali First,Villa | Existing Properties | 3 B/R | Jabal Ali First | Al Furjan LLC,31.77665821587976,-1.4097153672289031,15.395489623672166,1.0,1.0,1.0,152.0,3.0,3.0,2.0,1.0,1.0,33.18637358310866,True
1534.0,Villa,3 B/R,Existing Properties,2023,1021.5937383872168,30,1910.82528,,,,,,,,,,,,,,,,797.3439241917504,996.9147157190636,843.6148272017838,774.5345596432553,1036.201226309922,1021.5937383872168,1202.670011148272,1584.8383500557416,,,,,,,,,,,,,,,,25.02944908367035,-15.37743260281862,-8.188602823359957,33.783730294383304,-1.4097153672289031,17.72488083638015,31.77665821587976,15.395489623672166,12867116.0,Dreams,Al Furjan LLC,Jabal Ali First,Al Furjan,FINISHED,2016-01-03,2014-01-09,0.0,0.0,171.0,46.0,normal,Villa complex,True,0,494,1.0,1.0,Villa | Existing Properties | 3 B/R | Jabal Ali First,Villa | Existing Properties | 3 B/R | Jabal Ali First | Al Furjan LLC,31.77665821587976,-1.4097153672289031,15.395489623672166,1.0,1.0,1.0,152.0,3.0,3.0,2.0,1.0,1.0,33.18637358310866,True
1534.0,Villa,3 B/R,Existing Properties,2024,1202.670011148272,43,1910.82528,,,,,,,,,,,,,,,,797.3439241917504,996.9147157190636,843.6148272017838,774.5345596432553,1036.201226309922,1021.5937383872168,1202.670011148272,1584.8383500557416,,,,,,,,,,,,,,,,25.02944908367035,-15.37743260281862,-8.188602823359957,33.783730294383304,-1.4097153672289031,17.72488083638015,31.77665821587976,15.395489623672166,12867116.0,Dreams,Al Furjan LLC,Jabal Ali First,Al Furjan,FINISHED,2016-01-03,2014-01-09,0.0,0.0,171.0,46.0,normal,Villa complex,True,0,494,1.0,1.0,Villa | Existing Properties | 3 B/R | Jabal Ali First,Villa | Existing Properties | 3 B/R | Jabal Ali First | Al Furjan LLC,31.77665821587976,-1.4097153672289031,15.395489623672166,1.0,1.0,1.0,152.0,3.0,3.0,2.0,1.0,1.0,33.18637358310866,True
1534.0,Villa,3 B/R,Existing Properties,2025,1584.8383500557416,1,1956.03408,,,,,,,,,,,,,,,,797.3439241917504,996.9147157190636,843.6148272017838,774.5345596432553,1036.201226309922,1021.5937383872168,1202.670011148272,1584.8383500557416,,,,,,,,,,,,,,,,25.02944908367035,-15.37743260281862,-8.188602823359957,33.783730294383304,-1.4097153672289031,17.72488083638015,31.77665821587976,15.395489623672166,12867116.0,Dreams,Al Furjan LLC,Jabal Ali First,Al Furjan,FINISHED,2016-01-03,2014-01-09,0.0,0.0,171.0,46.0,normal,Villa complex,True,0,494,1.0,1.0,Villa | Existing Properties | 3 B/R | Jabal Ali First,Villa | Existing Properties | 3 B/R | Jabal Ali First | Al Furjan LLC,31.77665821587976,-1.4097153672289031,15.395489623672166,1.0,1.0,1.0,152.0,3.0,3.0,2.0,1.0,1.0,33.18637358310866,True
1534.0,Villa,4 B/R,Existing Properties,2018,729.1220735785954,85,2426.2056,,,,,,,,,,,,,,,,729.1220735785954,853.2492567818656,524.9897807506503,717.1692679301375,968.3760683760684,961.171497584541,1096.9978632478633,1236.4985135637312,,,,,,,,,,,,,,,,17.02419768942709,-38.47169785641376,36.606329156484094,35.02754672839692,-0.743984803714659,14.131335147230107,12.716583595053743,11.510146282023914,12867116.0,Dreams,Al Furjan LLC,Jabal Ali First,Al Furjan,FINISHED,2016-01-03,2014-01-09,0.0,0.0,171.0,46.0,normal,Villa complex,True,0,494,6.0,2.0,Villa | Existing Properties | 4 B/R | Jabal Ali First,Villa | Existing Properties | 4 B/R | Jabal Ali First | Al Furjan LLC,12.716583595053743,-0.743984803714659,11.510146282023914,6.0,2.0,2.0,148.0,2.0,2.0,5.0,2.0,2.0,13.460568398768402,True
1534.0,Villa,4 B/R,Existing Properties,2019,853.2492567818656,14,2426.2056,,,,,,,,,,,,,,,,729.1220735785954,853.2492567818656,524.9897807506503,717.1692679301375,968.3760683760684,961.171497584541,1096.9978632478633,1236.4985135637312,,,,,,,,,,,,,,,,17.02419768942709,-38.47169785641376,36.606329156484094,35.02754672839692,-0.743984803714659,14.131335147230107,12.716583595053743,11.510146282023914,12867116.0,Dreams,Al Furjan LLC,Jabal Ali First,Al Furjan,FINISHED,2016-01-03,2014-01-09,0.0,0.0,171.0,46.0,normal,Villa complex,True,0,494,6.0,2.0,Villa | Existing Properties | 4 B/R | Jabal Ali First,Villa | Existing Properties | 4 B/R | Jabal Ali First | Al Furjan LLC,12.716583595053743,-0.743984803714659,11.510146282023914,6.0,2.0,2.0,148.0,2.0,2.0,5.0,2.0,2.0,13.460568398768402,True
1534.0,Villa,4 B/R,Existing Properties,2020,524.9897807506503,9,2426.2056,,,,,,,,,,,,,,,,729.1220735785954,853.2492567818656,524.9897807506503,717.1692679301375,968.3760683760684,961.171497584541,1096.9978632478633,1236.4985135637312,,,,,,,,,,,,,,,,17.02419768942709,-38.47169785641376,36.606329156484094,35.02754672839692,-0.743984803714659,14.131335147230107,12.716583595053743,11.510146282023914,12867116.0,Dreams,Al Furjan LLC,Jabal Ali First,Al Furjan,FINISHED,2016-01-03,2014-01-09,0.0,0.0,171.0,46.0,normal,Villa complex,True,0,494,6.0,2.0,Villa | Existing Properties | 4 B/R | Jabal Ali First,Villa | Existing Properties | 4 B/R | Jabal Ali First | Al Furjan LLC,12.716583595053743,-0.743984803714659,11.510146282023914,6.0,2.0,2.0,148.0,2.0,2.0,5.0,2.0,2.0,13.460568398768402,True
1534.0,Villa,4 B/R,Existing Properties,2021,717.1692679301375,33,2426.2056,,,,,,,,,,,,,,,,729.1220735785954,853.2492567818656,524.9897807506503,717.1692679301375,968.3760683760684,961.171497584541,1096.9978632478633,1236.4985135637312,,,,,,,,,,,,,,,,17.02419768942709,-38.47169785641376,36.606329156484094,35.02754672839692,-0.743984803714659,14.131335147230107,12.716583595053743,11.510146282023914,12867116.0,Dreams,Al Furjan LLC,Jabal Ali First,Al Furjan,FINISHED,2016-01-03,2014-01-09,0.0,0.0,171.0,46.0,normal,Villa complex,True,0,494,6.0,2.0,Villa | Existing Properties | 4 B/R | Jabal Ali First,Villa | Existing Properties | 4 B/R | Jabal Ali First | Al Furjan LLC,12.716583595053743,-0.743984803714659,11.510146282023914,6.0,2.0,2.0,148.0,2.0,2.0,5.0,2.0,2.0,13.460568398768402,True
1534.0,Villa,4 B/R,Existing Properties,2022,968.3760683760684,11,2426.2056,,,,,,,,,,,,,,,,729.1220735785954,853.2492567818656,524.9897807506503,717.1692679301375,968.3760683760684,961.171497584541,1096.9978632478633,1236.4985135637312,,,,,,,,,,,,,,,,17.02419768942709,-38.47169785641376,36.606329156484094,35.02754672839692,-0.743984803714659,14.131335147230107,12.716583595053743,11.510146282023914,12867116.0,Dreams,Al Furjan LLC,Jabal Ali First,Al Furjan,FINISHED,2016-01-03,2014-01-09,0.0,0.0,171.0,46.0,normal,Villa complex,True,0,494,6.0,2.0,Villa | Existing Properties | 4 B/R | Jabal Ali First,Villa | Existing Properties | 4 B/R | Jabal Ali First | Al Furjan LLC,12.716583595053743,-0.743984803714659,11.510146282023914,6.0,2.0,2.0,148.0,2.0,2.0,5.0,2.0,2.0,13.460568398768402,True
1534.0,Villa,4 B/R,Existing Properties,2023,961.171497584541,19,2426.2056,,,,,,,,,,,,,,,,729.1220735785954,853.2492567818656,524.9897807506503,717.1692679301375,968.3760683760684,961.171497584541,1096.9978632478633,1236.4985135637312,,,,,,,,,,,,,,,,17.02419768942709,-38.47169785641376,36.606329156484094,35.02754672839692,-0.743984803714659,14.131335147230107,12.716583595053743,11.510146282023914,12867116.0,Dreams,Al Furjan LLC,Jabal Ali First,Al Furjan,FINISHED,2016-01-03,2014-01-09,0.0,0.0,171.0,46.0,normal,Villa complex,True,0,494,6.0,2.0,Villa | Existing Properties | 4 B/R | Jabal Ali First,Villa | Existing Properties | 4 B/R | Jabal Ali First | Al Furjan LLC,12.716583595053743,-0.743984803714659,11.510146282023914,6.0,2.0,2.0,148.0,2.0,2.0,5.0,2.0,2.0,13.460568398768402,True
1534.0,Villa,4 B/R,Existing Properties,2024,1096.9978632478633,30,2380.9968,,,,,,,,,,,,,,,,729.1220735785954,853.2492567818656,524.9897807506503,717.1692679301375,968.3760683760684,961.171497584541,1096.9978632478633,1236.4985135637312,,,,,,,,,,,,,,,,17.02419768942709,-38.47169785641376,36.606329156484094,35.02754672839692,-0.743984803714659,14.131335147230107,12.716583595053743,11.510146282023914,12867116.0,Dreams,Al Furjan LLC,Jabal Ali First,Al Furjan,FINISHED,2016-01-03,2014-01-09,0.0,0.0,171.0,46.0,normal,Villa complex,True,0,494,6.0,2.0,Villa | Existing Properties | 4 B/R | Jabal Ali First,Villa | Existing Properties | 4 B/R | Jabal Ali First | Al Furjan LLC,12.716583595053743,-0.743984803714659,11.510146282023914,6.0,2.0,2.0,148.0,2.0,2.0,5.0,2.0,2.0,13.460568398768402,True
1534.0,Villa,4 B/R,Existing Properties,2025,1236.4985135637312,2,2426.2056,,,,,,,,,,,,,,,,729.1220735785954,853.2492567818656,524.9897807506503,717.1692679301375,968.3760683760684,961.171497584541,1096.9978632478633,1236.4985135637312,,,,,,,,,,,,,,,,17.02419768942709,-38.47169785641376,36.606329156484094,35.02754672839692,-0.743984803714659,14.131335147230107,12.716583595053743,11.510146282023914,12867116.0,Dreams,Al Furjan LLC,Jabal Ali First,Al Furjan,FINISHED,2016-01-03,2014-01-09,0.0,0.0,171.0,46.0,normal,Villa complex,True,0,494,6.0,2.0,Villa | Existing Properties | 4 B/R | Jabal Ali First,Villa | Existing Properties | 4 B/R | Jabal Ali First | Al Furjan LLC,12.716583595053743,-0.743984803714659,11.510146282023914,6.0,2.0,2.0,148.0,2.0,2.0,5.0,2.0,2.0,13.460568398768402,True
1603.0,Apartment,1 B/R,Existing Properties,2022,3347.1051653660347,111,1056.7018799999998,,,,,,,,,,,,,,,,,,,,3347.1051653660347,3668.2107023411377,2684.9962839093278,4713.344481605352,,,,,,,,,,,,,,,,,,,,9.593529964272497,-26.803651649680315,75.54379906786201,,15087057.0,The Palm Tower,Nakheel Company (PJSC),Palm Jumeirah,Palm Jumeirah,FINISHED,2021-11-30,2015-01-02,436.0,1.0,0.0,0.0,normal,Buildings,True,1,607,1.0,1.0,Apartment | Existing Properties | 1 B/R | Palm Jumeirah,Apartment | Existing Properties | 1 B/R | Palm Jumeirah | Nakheel Company (PJSC),75.54379906786201,9.593529964272497,,1.0,1.0,1.0,900.0,42.0,88.0,54.0,2.0,7.0,65.95026910358952,True
1603.0,Apartment,1 B/R,Existing Properties,2023,3668.2107023411377,47,1055.30256,,,,,,,,,,,,,,,,,,,,3347.1051653660347,3668.2107023411377,2684.9962839093278,4713.344481605352,,,,,,,,,,,,,,,,,,,,9.593529964272497,-26.803651649680315,75.54379906786201,,15087057.0,The Palm Tower,Nakheel Company (PJSC),Palm Jumeirah,Palm Jumeirah,FINISHED,2021-11-30,2015-01-02,436.0,1.0,0.0,0.0,normal,Buildings,True,1,607,1.0,1.0,Apartment | Existing Properties | 1 B/R | Palm Jumeirah,Apartment | Existing Properties | 1 B/R | Palm Jumeirah | Nakheel Company (PJSC),75.54379906786201,9.593529964272497,,1.0,1.0,1.0,900.0,42.0,88.0,54.0,2.0,7.0,65.95026910358952,True
1603.0,Apartment,1 B/R,Existing Properties,2024,2684.9962839093278,54,1058.42412,,,,,,,,,,,,,,,,,,,,3347.1051653660347,3668.2107023411377,2684.9962839093278,4713.344481605352,,,,,,,,,,,,,,,,,,,,9.593529964272497,-26.803651649680315,75.54379906786201,,15087057.0,The Palm Tower,Nakheel Company (PJSC),Palm Jumeirah,Palm Jumeirah,FINISHED,2021-11-30,2015-01-02,436.0,1.0,0.0,0.0,normal,Buildings,True,1,607,1.0,1.0,Apartment | Existing Properties | 1 B/R | Palm Jumeirah,Apartment | Existing Properties | 1 B/R | Palm Jumeirah | Nakheel Company (PJSC),75.54379906786201,9.593529964272497,,1.0,1.0,1.0,900.0,42.0,88.0,54.0,2.0,7.0,65.95026910358952,True
1603.0,Apartment,1 B/R,Existing Properties,2025,4713.344481605352,1,1113.85872,,,,,,,,,,,,,,,,,,,,3347.1051653660347,3668.2107023411377,2684.9962839093278,4713.344481605352,,,,,,,,,,,,,,,,,,,,9.593529964272497,-26.803651649680315,75.54379906786201,,15087057.0,The Palm Tower,Nakheel Company (PJSC),Palm Jumeirah,Palm Jumeirah,FINISHED,2021-11-30,2015-01-02,436.0,1.0,0.0,0.0,normal,Buildings,True,1,607,1.0,1.0,Apartment | Existing Properties | 1 B/R | Palm Jumeirah,Apartment | Existing Properties | 1 B/R | Palm Jumeirah | Nakheel Company (PJSC),75.54379906786201,9.593529964272497,,1.0,1.0,1.0,900.0,42.0,88.0,54.0,2.0,7.0,65.95026910358952,True
1793.0,Villa,3 B/R,Existing Properties,2016,619.2196209587514,66,2615.652,,,,,,,,,,,,,,619.2196209587514,715.4013377926422,609.3919546636939,551.9035674470457,480.9169453734672,535.2396878483835,698.130806391676,733.069955406912,915.5550910442216,1034.9498327759195,,,,,,,,,,,,,,15.532730808008054,-14.818169540476156,-9.433729273366342,-12.862142276402222,11.295659884209464,30.433303479063834,5.004670857574789,24.893277141062995,13.040694426757485,14.096992777581365,33494532.0,Reem Mira Complex PH21,Al-Aryam Phase 1 LLC,Al Yelayiss 1,,FINISHED,2016-08-31,2013-01-12,0.0,0.0,334.0,90.0,normal,Villa complex,True,0,1088,5.0,1.0,Villa | Existing Properties | 3 B/R | Al Yelayiss 1,Villa | Existing Properties | 3 B/R | Al Yelayiss 1 | Al-Aryam Phase 1 LLC,13.040694426757485,5.004670857574789,14.096992777581365,5.0,1.0,1.0,133.0,15.0,10.0,4.0,1.0,1.0,8.036023569182696,True
1793.0,Villa,3 B/R,Existing Properties,2017,715.4013377926422,60,2615.652,,,,,,,,,,,,,,619.2196209587514,715.4013377926422,609.3919546636939,551.9035674470457,480.9169453734672,535.2396878483835,698.130806391676,733.069955406912,915.5550910442216,1034.9498327759195,,,,,,,,,,,,,,15.532730808008054,-14.818169540476156,-9.433729273366342,-12.862142276402222,11.295659884209464,30.433303479063834,5.004670857574789,24.893277141062995,13.040694426757485,14.096992777581365,33494532.0,Reem Mira Complex PH21,Al-Aryam Phase 1 LLC,Al Yelayiss 1,,FINISHED,2016-08-31,2013-01-12,0.0,0.0,334.0,90.0,normal,Villa complex,True,0,1088,5.0,1.0,Villa | Existing Properties | 3 B/R | Al Yelayiss 1,Villa | Existing Properties | 3 B/R | Al Yelayiss 1 | Al-Aryam Phase 1 LLC,13.040694426757485,5.004670857574789,14.096992777581365,5.0,1.0,1.0,133.0,15.0,10.0,4.0,1.0,1.0,8.036023569182696,True
1793.0,Villa,3 B/R,Existing Properties,2018,609.3919546636939,32,2590.0875,,,,,,,,,,,,,,619.2196209587514,715.4013377926422,609.3919546636939,551.9035674470457,480.9169453734672,535.2396878483835,698.130806391676,733.069955406912,915.5550910442216,1034.9498327759195,,,,,,,,,,,,,,15.532730808008054,-14.818169540476156,-9.433729273366342,-12.862142276402222,11.295659884209464,30.433303479063834,5.004670857574789,24.893277141062995,13.040694426757485,14.096992777581365,33494532.0,Reem Mira Complex PH21,Al-Aryam Phase 1 LLC,Al Yelayiss 1,,FINISHED,2016-08-31,2013-01-12,0.0,0.0,334.0,90.0,normal,Villa complex,True,0,1088,5.0,1.0,Villa | Existing Properties | 3 B/R | Al Yelayiss 1,Villa | Existing Properties | 3 B/R | Al Yelayiss 1 | Al-Aryam Phase 1 LLC,13.040694426757485,5.004670857574789,14.096992777581365,5.0,1.0,1.0,133.0,15.0,10.0,4.0,1.0,1.0,8.036023569182696,True
1793.0,Villa,3 B/R,Existing Properties,2019,551.9035674470457,13,2615.652,,,,,,,,,,,,,,619.2196209587514,715.4013377926422,609.3919546636939,551.9035674470457,480.9169453734672,535.2396878483835,698.130806391676,733.069955406912,915.5550910442216,1034.9498327759195,,,,,,,,,,,,,,15.532730808008054,-14.818169540476156,-9.433729273366342,-12.862142276402222,11.295659884209464,30.433303479063834,5.004670857574789,24.893277141062995,13.040694426757485,14.096992777581365,33494532.0,Reem Mira Complex PH21,Al-Aryam Phase 1 LLC,Al Yelayiss 1,,FINISHED,2016-08-31,2013-01-12,0.0,0.0,334.0,90.0,normal,Villa complex,True,0,1088,5.0,1.0,Villa | Existing Properties | 3 B/R | Al Yelayiss 1,Villa | Existing Properties | 3 B/R | Al Yelayiss 1 | Al-Aryam Phase 1 LLC,13.040694426757485,5.004670857574789,14.096992777581365,5.0,1.0,1.0,133.0,15.0,10.0,4.0,1.0,1.0,8.036023569182696,True
1793.0,Villa,3 B/R,Existing Properties,2020,480.9169453734672,19,2412.32004,,,,,,,,,,,,,,619.2196209587514,715.4013377926422,609.3919546636939,551.9035674470457,480.9169453734672,535.2396878483835,698.130806391676,733.069955406912,915.5550910442216,1034.9498327759195,,,,,,,,,,,,,,15.532730808008054,-14.818169540476156,-9.433729273366342,-12.862142276402222,11.295659884209464,30.433303479063834,5.004670857574789,24.893277141062995,13.040694426757485,14.096992777581365,33494532.0,Reem Mira Complex PH21,Al-Aryam Phase 1 LLC,Al Yelayiss 1,,FINISHED,2016-08-31,2013-01-12,0.0,0.0,334.0,90.0,normal,Villa complex,True,0,1088,5.0,1.0,Villa | Existing Properties | 3 B/R | Al Yelayiss 1,Villa | Existing Properties | 3 B/R | Al Yelayiss 1 | Al-Aryam Phase 1 LLC,13.040694426757485,5.004670857574789,14.096992777581365,5.0,1.0,1.0,133.0,15.0,10.0,4.0,1.0,1.0,8.036023569182696,True
1793.0,Villa,3 B/R,Existing Properties,2021,535.2396878483835,42,2725.7139,,,,,,,,,,,,,,619.2196209587514,715.4013377926422,609.3919546636939,551.9035674470457,480.9169453734672,535.2396878483835,698.130806391676,733.069955406912,915.5550910442216,1034.9498327759195,,,,,,,,,,,,,,15.532730808008054,-14.818169540476156,-9.433729273366342,-12.862142276402222,11.295659884209464,30.433303479063834,5.004670857574789,24.893277141062995,13.040694426757485,14.096992777581365,33494532.0,Reem Mira Complex PH21,Al-Aryam Phase 1 LLC,Al Yelayiss 1,,FINISHED,2016-08-31,2013-01-12,0.0,0.0,334.0,90.0,normal,Villa complex,True,0,1088,5.0,1.0,Villa | Existing Properties | 3 B/R | Al Yelayiss 1,Villa | Existing Properties | 3 B/R | Al Yelayiss 1 | Al-Aryam Phase 1 LLC,13.040694426757485,5.004670857574789,14.096992777581365,5.0,1.0,1.0,133.0,15.0,10.0,4.0,1.0,1.0,8.036023569182696,True
1793.0,Villa,3 B/R,Existing Properties,2022,698.130806391676,30,2615.652,,,,,,,,,,,,,,619.2196209587514,715.4013377926422,609.3919546636939,551.9035674470457,480.9169453734672,535.2396878483835,698.130806391676,733.069955406912,915.5550910442216,1034.9498327759195,,,,,,,,,,,,,,15.532730808008054,-14.818169540476156,-9.433729273366342,-12.862142276402222,11.295659884209464,30.433303479063834,5.004670857574789,24.893277141062995,13.040694426757485,14.096992777581365,33494532.0,Reem Mira Complex PH21,Al-Aryam Phase 1 LLC,Al Yelayiss 1,,FINISHED,2016-08-31,2013-01-12,0.0,0.0,334.0,90.0,normal,Villa complex,True,0,1088,5.0,1.0,Villa | Existing Properties | 3 B/R | Al Yelayiss 1,Villa | Existing Properties | 3 B/R | Al Yelayiss 1 | Al-Aryam Phase 1 LLC,13.040694426757485,5.004670857574789,14.096992777581365,5.0,1.0,1.0,133.0,15.0,10.0,4.0,1.0,1.0,8.036023569182696,True
1793.0,Villa,3 B/R,Existing Properties,2023,733.069955406912,34,2615.652,,,,,,,,,,,,,,619.2196209587514,715.4013377926422,609.3919546636939,551.9035674470457,480.9169453734672,535.2396878483835,698.130806391676,733.069955406912,915.5550910442216,1034.9498327759195,,,,,,,,,,,,,,15.532730808008054,-14.818169540476156,-9.433729273366342,-12.862142276402222,11.295659884209464,30.433303479063834,5.004670857574789,24.893277141062995,13.040694426757485,14.096992777581365,33494532.0,Reem Mira Complex PH21,Al-Aryam Phase 1 LLC,Al Yelayiss 1,,FINISHED,2016-08-31,2013-01-12,0.0,0.0,334.0,90.0,normal,Villa complex,True,0,1088,5.0,1.0,Villa | Existing Properties | 3 B/R | Al Yelayiss 1,Villa | Existing Properties | 3 B/R | Al Yelayiss 1 | Al-Aryam Phase 1 LLC,13.040694426757485,5.004670857574789,14.096992777581365,5.0,1.0,1.0,133.0,15.0,10.0,4.0,1.0,1.0,8.036023569182696,True
1793.0,Villa,3 B/R,Existing Properties,2024,915.5550910442216,48,2615.652,,,,,,,,,,,,,,619.2196209587514,715.4013377926422,609.3919546636939,551.9035674470457,480.9169453734672,535.2396878483835,698.130806391676,733.069955406912,915.5550910442216,1034.9498327759195,,,,,,,,,,,,,,15.532730808008054,-14.818169540476156,-9.433729273366342,-12.862142276402222,11.295659884209464,30.433303479063834,5.004670857574789,24.893277141062995,13.040694426757485,14.096992777581365,33494532.0,Reem Mira Complex PH21,Al-Aryam Phase 1 LLC,Al Yelayiss 1,,FINISHED,2016-08-31,2013-01-12,0.0,0.0,334.0,90.0,normal,Villa complex,True,0,1088,5.0,1.0,Villa | Existing Properties | 3 B/R | Al Yelayiss 1,Villa | Existing Properties | 3 B/R | Al Yelayiss 1 | Al-Aryam Phase 1 LLC,13.040694426757485,5.004670857574789,14.096992777581365,5.0,1.0,1.0,133.0,15.0,10.0,4.0,1.0,1.0,8.036023569182696,True
1793.0,Villa,3 B/R,Existing Properties,2025,1034.9498327759195,2,3124.7892,,,,,,,,,,,,,,619.2196209587514,715.4013377926422,609.3919546636939,551.9035674470457,480.9169453734672,535.2396878483835,698.130806391676,733.069955406912,915.5550910442216,1034.9498327759195,,,,,,,,,,,,,,15.532730808008054,-14.818169540476156,-9.433729273366342,-12.862142276402222,11.295659884209464,30.433303479063834,5.004670857574789,24.893277141062995,13.040694426757485,14.096992777581365,33494532.0,Reem Mira Complex PH21,Al-Aryam Phase 1 LLC,Al Yelayiss 1,,FINISHED,2016-08-31,2013-01-12,0.0,0.0,334.0,90.0,normal,Villa complex,True,0,1088,5.0,1.0,Villa | Existing Properties | 3 B/R | Al Yelayiss 1,Villa | Existing Properties | 3 B/R | Al Yelayiss 1 | Al-Aryam Phase 1 LLC,13.040694426757485,5.004670857574789,14.096992777581365,5.0,1.0,1.0,133.0,15.0,10.0,4.0,1.0,1.0,8.036023569182696,True
1886.0,Apartment,2 B/R,Existing Properties,2021,1947.110739502044,18,1864.97064,,,,,,,,,,,,,,,,,,,1947.110739502044,2126.46878483835,1980.302861389818,2021.233742103308,2397.2092159048684,,,,,,,,,,,,,,,,,,,9.21149689627696,-6.873645382932025,2.0669000440045604,18.601286232750034,4.24687794318972,79501150.0,SLS Dubai,Business Gulf LLC,Business Bay,Business Bay,FINISHED,2021-01-17,2015-01-12,1159.0,1.0,0.0,0.0,normal,Buildings,True,1,520,12.0,3.0,Apartment | Existing Properties | 2 B/R | Business Bay,Apartment | Existing Properties | 2 B/R | Business Bay | Business Gulf LLC,18.601286232750034,-6.873645382932025,4.24687794318972,12.0,3.0,3.0,1464.0,109.0,77.0,36.0,5.0,3.0,25.47493161568206,True
1886.0,Apartment,2 B/R,Existing Properties,2022,2126.46878483835,14,1864.21716,,,,,,,,,,,,,,,,,,,1947.110739502044,2126.46878483835,1980.302861389818,2021.233742103308,2397.2092159048684,,,,,,,,,,,,,,,,,,,9.21149689627696,-6.873645382932025,2.0669000440045604,18.601286232750034,4.24687794318972,79501150.0,SLS Dubai,Business Gulf LLC,Business Bay,Business Bay,FINISHED,2021-01-17,2015-01-12,1159.0,1.0,0.0,0.0,normal,Buildings,True,1,520,12.0,3.0,Apartment | Existing Properties | 2 B/R | Business Bay,Apartment | Existing Properties | 2 B/R | Business Bay | Business Gulf LLC,18.601286232750034,-6.873645382932025,4.24687794318972,12.0,3.0,3.0,1464.0,109.0,77.0,36.0,5.0,3.0,25.47493161568206,True
1886.0,Apartment,2 B/R,Existing Properties,2023,1980.302861389818,3,1862.27964,,,,,,,,,,,,,,,,,,,1947.110739502044,2126.46878483835,1980.302861389818,2021.233742103308,2397.2092159048684,,,,,,,,,,,,,,,,,,,9.21149689627696,-6.873645382932025,2.0669000440045604,18.601286232750034,4.24687794318972,79501150.0,SLS Dubai,Business Gulf LLC,Business Bay,Business Bay,FINISHED,2021-01-17,2015-01-12,1159.0,1.0,0.0,0.0,normal,Buildings,True,1,520,12.0,3.0,Apartment | Existing Properties | 2 B/R | Business Bay,Apartment | Existing Properties | 2 B/R | Business Bay | Business Gulf LLC,18.601286232750034,-6.873645382932025,4.24687794318972,12.0,3.0,3.0,1464.0,109.0,77.0,36.0,5.0,3.0,25.47493161568206,True
1886.0,Apartment,2 B/R,Existing Properties,2024,2021.233742103308,7,1864.21716,,,,,,,,,,,,,,,,,,,1947.110739502044,2126.46878483835,1980.302861389818,2021.233742103308,2397.2092159048684,,,,,,,,,,,,,,,,,,,9.21149689627696,-6.873645382932025,2.0669000440045604,18.601286232750034,4.24687794318972,79501150.0,SLS Dubai,Business Gulf LLC,Business Bay,Business Bay,FINISHED,2021-01-17,2015-01-12,1159.0,1.0,0.0,0.0,normal,Buildings,True,1,520,12.0,3.0,Apartment | Existing Properties | 2 B/R | Business Bay,Apartment | Existing Properties | 2 B/R | Business Bay | Business Gulf LLC,18.601286232750034,-6.873645382932025,4.24687794318972,12.0,3.0,3.0,1464.0,109.0,77.0,36.0,5.0,3.0,25.47493161568206,True
1886.0,Apartment,2 B/R,Existing Properties,2025,2397.2092159048684,1,1918.89828,,,,,,,,,,,,,,,,,,,1947.110739502044,2126.46878483835,1980.302861389818,2021.233742103308,2397.2092159048684,,,,,,,,,,,,,,,,,,,9.21149689627696,-6.873645382932025,2.0669000440045604,18.601286232750034,4.24687794318972,79501150.0,SLS Dubai,Business Gulf LLC,Business Bay,Business Bay,FINISHED,2021-01-17,2015-01-12,1159.0,1.0,0.0,0.0,normal,Buildings,True,1,520,12.0,3.0,Apartment | Existing Properties | 2 B/R | Business Bay,Apartment | Existing Properties | 2 B/R | Business Bay | Business Gulf LLC,18.601286232750034,-6.873645382932025,4.24687794318972,12.0,3.0,3.0,1464.0,109.0,77.0,36.0,5.0,3.0,25.47493161568206,True
2047.0,Apartment,2 B/R,Existing Properties,2022,1485.272203641769,78,730.44504,,,,,,,,,,,,,,,,,,,,1485.272203641769,1796.4502043849873,2097.230583426235,2683.0982905982905,,,,,,,,,,,,,,,,,,,,20.950907179184707,16.743040152577993,27.935302479469204,,170104609.0,Collective,Dubai Hills Estate LLC,Hadaeq Sheikh Mohammed Bin Rashid,DUBAI HILLS,FINISHED,2022-03-31,2018-03-09,477.0,3.0,0.0,0.0,normal,Buildings,True,2,936,5.0,1.0,Apartment | Existing Properties | 2 B/R | Hadaeq Sheikh Mohammed Bin Rashid,Apartment | Existing Properties | 2 B/R | Hadaeq Sheikh Mohammed Bin Rashid | Dubai Hills Estate LLC,27.935302479469204,20.950907179184707,,5.0,1.0,1.0,420.0,9.0,9.0,54.0,4.0,4.0,6.984395300284497,True
2047.0,Apartment,2 B/R,Existing Properties,2023,1796.4502043849873,47,742.9312799999999,,,,,,,,,,,,,,,,,,,,1485.272203641769,1796.4502043849873,2097.230583426235,2683.0982905982905,,,,,,,,,,,,,,,,,,,,20.950907179184707,16.743040152577993,27.935302479469204,,170104609.0,Collective,Dubai Hills Estate LLC,Hadaeq Sheikh Mohammed Bin Rashid,DUBAI HILLS,FINISHED,2022-03-31,2018-03-09,477.0,3.0,0.0,0.0,normal,Buildings,True,2,936,5.0,1.0,Apartment | Existing Properties | 2 B/R | Hadaeq Sheikh Mohammed Bin Rashid,Apartment | Existing Properties | 2 B/R | Hadaeq Sheikh Mohammed Bin Rashid | Dubai Hills Estate LLC,27.935302479469204,20.950907179184707,,5.0,1.0,1.0,420.0,9.0,9.0,54.0,4.0,4.0,6.984395300284497,True
2047.0,Apartment,2 B/R,Existing Properties,2024,2097.230583426235,42,730.39122,,,,,,,,,,,,,,,,,,,,1485.272203641769,1796.4502043849873,2097.230583426235,2683.0982905982905,,,,,,,,,,,,,,,,,,,,20.950907179184707,16.743040152577993,27.935302479469204,,170104609.0,Collective,Dubai Hills Estate LLC,Hadaeq Sheikh Mohammed Bin Rashid,DUBAI HILLS,FINISHED,2022-03-31,2018-03-09,477.0,3.0,0.0,0.0,normal,Buildings,True,2,936,5.0,1.0,Apartment | Existing Properties | 2 B/R | Hadaeq Sheikh Mohammed Bin Rashid,Apartment | Existing Properties | 2 B/R | Hadaeq Sheikh Mohammed Bin Rashid | Dubai Hills Estate LLC,27.935302479469204,20.950907179184707,,5.0,1.0,1.0,420.0,9.0,9.0,54.0,4.0,4.0,6.984395300284497,True
2047.0,Apartment,2 B/R,Existing Properties,2025,2683.0982905982905,1,745.4069999999999,,,,,,,,,,,,,,,,,,,,1485.272203641769,1796.4502043849873,2097.230583426235,2683.0982905982905,,,,,,,,,,,,,,,,,,,,20.950907179184707,16.743040152577993,27.935302479469204,,170104609.0,Collective,Dubai Hills Estate LLC,Hadaeq Sheikh Mohammed Bin Rashid,DUBAI HILLS,FINISHED,2022-03-31,2018-03-09,477.0,3.0,0.0,0.0,normal,Buildings,True,2,936,5.0,1.0,Apartment | Existing Properties | 2 B/R | Hadaeq Sheikh Mohammed Bin Rashid,Apartment | Existing Properties | 2 B/R | Hadaeq Sheikh Mohammed Bin Rashid | Dubai Hills Estate LLC,27.935302479469204,20.950907179184707,,5.0,1.0,1.0,420.0,9.0,9.0,54.0,4.0,4.0,6.984395300284497,True
2065.0,Apartment,3 B/R,Off-Plan Properties,2019,845.9959123002601,1,1516.6476,,,,,,,,,,,,,,,,,845.9959123002601,,1025.1690821256038,1019.5127276105536,1033.4234485321442,1279.8634336677817,1605.454292084727,,,,,,,,,,,,,,,,,,,-0.5517484494676816,1.364447990187756,23.846951168533703,25.439500016332214,9.385684577069275,176257264.0,Seven City GLT,Dubai Multi Commodities Centre,Al Thanyah Fifth,Jumeirah Islands,ACTIVE,2023-06-14,2018-01-07,2666.0,1.0,0.0,0.0,normal,Buildings,True,1,3348,2.0,1.0,Apartment | Off-Plan Properties | 3 B/R | Al Thanyah Fifth,Apartment | Off-Plan Properties | 3 B/R | Al Thanyah Fifth | Dubai Multi Commodities Centre,25.439500016332214,1.364447990187756,9.385684577069275,2.0,1.0,1.0,447.0,12.0,9.0,1.0,1.0,1.0,24.07505202614446,True
2065.0,Apartment,3 B/R,Off-Plan Properties,2021,1025.1690821256038,28,1516.32468,,,,,,,,,,,,,,,,,845.9959123002601,,1025.1690821256038,1019.5127276105536,1033.4234485321442,1279.8634336677817,1605.454292084727,,,,,,,,,,,,,,,,,,,-0.5517484494676816,1.364447990187756,23.846951168533703,25.439500016332214,9.385684577069275,176257264.0,Seven City GLT,Dubai Multi Commodities Centre,Al Thanyah Fifth,Jumeirah Islands,ACTIVE,2023-06-14,2018-01-07,2666.0,1.0,0.0,0.0,normal,Buildings,True,1,3348,2.0,1.0,Apartment | Off-Plan Properties | 3 B/R | Al Thanyah Fifth,Apartment | Off-Plan Properties | 3 B/R | Al Thanyah Fifth | Dubai Multi Commodities Centre,25.439500016332214,1.364447990187756,9.385684577069275,2.0,1.0,1.0,447.0,12.0,9.0,1.0,1.0,1.0,24.07505202614446,True
2065.0,Apartment,3 B/R,Off-Plan Properties,2022,1019.5127276105536,84,1516.6476,,,,,,,,,,,,,,,,,845.9959123002601,,1025.1690821256038,1019.5127276105536,1033.4234485321442,1279.8634336677817,1605.454292084727,,,,,,,,,,,,,,,,,,,-0.5517484494676816,1.364447990187756,23.846951168533703,25.439500016332214,9.385684577069275,176257264.0,Seven City GLT,Dubai Multi Commodities Centre,Al Thanyah Fifth,Jumeirah Islands,ACTIVE,2023-06-14,2018-01-07,2666.0,1.0,0.0,0.0,normal,Buildings,True,1,3348,2.0,1.0,Apartment | Off-Plan Properties | 3 B/R | Al Thanyah Fifth,Apartment | Off-Plan Properties | 3 B/R | Al Thanyah Fifth | Dubai Multi Commodities Centre,25.439500016332214,1.364447990187756,9.385684577069275,2.0,1.0,1.0,447.0,12.0,9.0,1.0,1.0,1.0,24.07505202614446,True
2065.0,Apartment,3 B/R,Off-Plan Properties,2023,1033.4234485321442,114,1516.8628799999997,,,,,,,,,,,,,,,,,845.9959123002601,,1025.1690821256038,1019.5127276105536,1033.4234485321442,1279.8634336677817,1605.454292084727,,,,,,,,,,,,,,,,,,,-0.5517484494676816,1.364447990187756,23.846951168533703,25.439500016332214,9.385684577069275,176257264.0,Seven City GLT,Dubai Multi Commodities Centre,Al Thanyah Fifth,Jumeirah Islands,ACTIVE,2023-06-14,2018-01-07,2666.0,1.0,0.0,0.0,normal,Buildings,True,1,3348,2.0,1.0,Apartment | Off-Plan Properties | 3 B/R | Al Thanyah Fifth,Apartment | Off-Plan Properties | 3 B/R | Al Thanyah Fifth | Dubai Multi Commodities Centre,25.439500016332214,1.364447990187756,9.385684577069275,2.0,1.0,1.0,447.0,12.0,9.0,1.0,1.0,1.0,24.07505202614446,True
2065.0,Apartment,3 B/R,Off-Plan Properties,2024,1279.8634336677817,35,1516.75524,,,,,,,,,,,,,,,,,845.9959123002601,,1025.1690821256038,1019.5127276105536,1033.4234485321442,1279.8634336677817,1605.454292084727,,,,,,,,,,,,,,,,,,,-0.5517484494676816,1.364447990187756,23.846951168533703,25.439500016332214,9.385684577069275,176257264.0,Seven City GLT,Dubai Multi Commodities Centre,Al Thanyah Fifth,Jumeirah Islands,ACTIVE,2023-06-14,2018-01-07,2666.0,1.0,0.0,0.0,normal,Buildings,True,1,3348,2.0,1.0,Apartment | Off-Plan Properties | 3 B/R | Al Thanyah Fifth,Apartment | Off-Plan Properties | 3 B/R | Al Thanyah Fifth | Dubai Multi Commodities Centre,25.439500016332214,1.364447990187756,9.385684577069275,2.0,1.0,1.0,447.0,12.0,9.0,1.0,1.0,1.0,24.07505202614446,True
2065.0,Apartment,3 B/R,Off-Plan Properties,2025,1605.454292084727,1,1516.21704,,,,,,,,,,,,,,,,,845.9959123002601,,1025.1690821256038,1019.5127276105536,1033.4234485321442,1279.8634336677817,1605.454292084727,,,,,,,,,,,,,,,,,,,-0.5517484494676816,1.364447990187756,23.846951168533703,25.439500016332214,9.385684577069275,176257264.0,Seven City GLT,Dubai Multi Commodities Centre,Al Thanyah Fifth,Jumeirah Islands,ACTIVE,2023-06-14,2018-01-07,2666.0,1.0,0.0,0.0,normal,Buildings,True,1,3348,2.0,1.0,Apartment | Off-Plan Properties | 3 B/R | Al Thanyah Fifth,Apartment | Off-Plan Properties | 3 B/R | Al Thanyah Fifth | Dubai Multi Commodities Centre,25.439500016332214,1.364447990187756,9.385684577069275,2.0,1.0,1.0,447.0,12.0,9.0,1.0,1.0,1.0,24.07505202614446,True
2145.0,Villa,4 B/R,Existing Properties,2022,899.9842066146414,2,2416.73328,,,,,,,,,,,,,,,,,,,,899.9842066146414,1072.5455221107395,1184.6929580081755,1497.238944630249,,,,,,,,,,,,,,,,,,,,19.173815965637942,10.456193568057891,26.382024516087043,,244930502.0,Arabian Ranches AA - Shams,Emaar Development (public shareholding),Wadi Al Safa 5,,FINISHED,2022-12-16,2019-06-15,0.0,0.0,438.0,77.0,normal,Villa complex,True,0,871,2.0,1.0,Villa | Existing Properties | 4 B/R | Wadi Al Safa 5,Villa | Existing Properties | 4 B/R | Wadi Al Safa 5 | Emaar Development (public shareholding),26.382024516087043,19.173815965637942,,2.0,1.0,1.0,52.0,5.0,4.0,11.0,1.0,1.0,7.2082085504491005,True
2145.0,Villa,4 B/R,Existing Properties,2023,1072.5455221107395,67,2517.1614,,,,,,,,,,,,,,,,,,,,899.9842066146414,1072.5455221107395,1184.6929580081755,1497.238944630249,,,,,,,,,,,,,,,,,,,,19.173815965637942,10.456193568057891,26.382024516087043,,244930502.0,Arabian Ranches AA - Shams,Emaar Development (public shareholding),Wadi Al Safa 5,,FINISHED,2022-12-16,2019-06-15,0.0,0.0,438.0,77.0,normal,Villa complex,True,0,871,2.0,1.0,Villa | Existing Properties | 4 B/R | Wadi Al Safa 5,Villa | Existing Properties | 4 B/R | Wadi Al Safa 5 | Emaar Development (public shareholding),26.382024516087043,19.173815965637942,,2.0,1.0,1.0,52.0,5.0,4.0,11.0,1.0,1.0,7.2082085504491005,True
2145.0,Villa,4 B/R,Existing Properties,2024,1184.6929580081755,32,2407.31478,,,,,,,,,,,,,,,,,,,,899.9842066146414,1072.5455221107395,1184.6929580081755,1497.238944630249,,,,,,,,,,,,,,,,,,,,19.173815965637942,10.456193568057891,26.382024516087043,,244930502.0,Arabian Ranches AA - Shams,Emaar Development (public shareholding),Wadi Al Safa 5,,FINISHED,2022-12-16,2019-06-15,0.0,0.0,438.0,77.0,normal,Villa complex,True,0,871,2.0,1.0,Villa | Existing Properties | 4 B/R | Wadi Al Safa 5,Villa | Existing Properties | 4 B/R | Wadi Al Safa 5 | Emaar Development (public shareholding),26.382024516087043,19.173815965637942,,2.0,1.0,1.0,52.0,5.0,4.0,11.0,1.0,1.0,7.2082085504491005,True
2145.0,Villa,4 B/R,Existing Properties,2025,1497.238944630249,2,2406.8304,,,,,,,,,,,,,,,,,,,,899.9842066146414,1072.5455221107395,1184.6929580081755,1497.238944630249,,,,,,,,,,,,,,,,,,,,19.173815965637942,10.456193568057891,26.382024516087043,,244930502.0,Arabian Ranches AA - Shams,Emaar Development (public shareholding),Wadi Al Safa 5,,FINISHED,2022-12-16,2019-06-15,0.0,0.0,438.0,77.0,normal,Villa complex,True,0,871,2.0,1.0,Villa | Existing Properties | 4 B/R | Wadi Al Safa 5,Villa | Existing Properties | 4 B/R | Wadi Al Safa 5 | Emaar Development (public shareholding),26.382024516087043,19.173815965637942,,2.0,1.0,1.0,52.0,5.0,4.0,11.0,1.0,1.0,7.2082085504491005,True
2399.0,Villa,4 B/R,Off-Plan Properties,2022,886.8515421776292,87,2910.37032,,,,,,,,,,,,,,,,,,,,886.8515421776292,956.5022296544035,1051.8297101449275,1185.758082497213,,,,,,,,,,,,,,,,,,,,7.853703146949487,9.966258053048849,12.732894979153242,,418017410.0,Al-Raneem cities 1,Dubai Properties LLC,Al Hebiah Sixth,Mudon,ACTIVE,2025-10-31,2022-01-08,0.0,0.0,224.0,44.0,normal,Villa complex,True,0,288,3.0,1.0,Villa | Off-Plan Properties | 4 B/R | Al Hebiah Sixth,Villa | Off-Plan Properties | 4 B/R | Al Hebiah Sixth | Dubai Properties LLC,12.732894979153242,7.853703146949487,,3.0,1.0,1.0,66.0,3.0,16.0,3.0,1.0,1.0,4.879191832203755,True
2399.0,Villa,4 B/R,Off-Plan Properties,2023,956.5022296544035,8,2674.0467,,,,,,,,,,,,,,,,,,,,886.8515421776292,956.5022296544035,1051.8297101449275,1185.758082497213,,,,,,,,,,,,,,,,,,,,7.853703146949487,9.966258053048849,12.732894979153242,,418017410.0,Al-Raneem cities 1,Dubai Properties LLC,Al Hebiah Sixth,Mudon,ACTIVE,2025-10-31,2022-01-08,0.0,0.0,224.0,44.0,normal,Villa complex,True,0,288,3.0,1.0,Villa | Off-Plan Properties | 4 B/R | Al Hebiah Sixth,Villa | Off-Plan Properties | 4 B/R | Al Hebiah Sixth | Dubai Properties LLC,12.732894979153242,7.853703146949487,,3.0,1.0,1.0,66.0,3.0,16.0,3.0,1.0,1.0,4.879191832203755,True
2399.0,Villa,4 B/R,Off-Plan Properties,2024,1051.8297101449275,16,2981.8971,,,,,,,,,,,,,,,,,,,,886.8515421776292,956.5022296544035,1051.8297101449275,1185.758082497213,,,,,,,,,,,,,,,,,,,,7.853703146949487,9.966258053048849,12.732894979153242,,418017410.0,Al-Raneem cities 1,Dubai Properties LLC,Al Hebiah Sixth,Mudon,ACTIVE,2025-10-31,2022-01-08,0.0,0.0,224.0,44.0,normal,Villa complex,True,0,288,3.0,1.0,Villa | Off-Plan Properties | 4 B/R | Al Hebiah Sixth,Villa | Off-Plan Properties | 4 B/R | Al Hebiah Sixth | Dubai Properties LLC,12.732894979153242,7.853703146949487,,3.0,1.0,1.0,66.0,3.0,16.0,3.0,1.0,1.0,4.879191832203755,True
2399.0,Villa,4 B/R,Off-Plan Properties,2025,1185.758082497213,1,2614.36032,,,,,,,,,,,,,,,,,,,,886.8515421776292,956.5022296544035,1051.8297101449275,1185.758082497213,,,,,,,,,,,,,,,,,,,,7.853703146949487,9.966258053048849,12.732894979153242,,418017410.0,Al-Raneem cities 1,Dubai Properties LLC,Al Hebiah Sixth,Mudon,ACTIVE,2025-10-31,2022-01-08,0.0,0.0,224.0,44.0,normal,Villa complex,True,0,288,3.0,1.0,Villa | Off-Plan Properties | 4 B/R | Al Hebiah Sixth,Villa | Off-Plan Properties | 4 B/R | Al Hebiah Sixth | Dubai Properties LLC,12.732894979153242,7.853703146949487,,3.0,1.0,1.0,66.0,3.0,16.0,3.0,1.0,1.0,4.879191832203755,True
2429.0,Apartment,4 B/R,Off-Plan Properties,2022,3549.5215533259016,15,3304.33272,,,,,,,,,,,,,,,,,,,,3549.5215533259016,3549.5215533259016,3140.834262356002,3744.841137123746,,,,,,,,,,,,,,,,,,,,0.0,-11.513869822454224,19.230778331953967,,426810499.0,Palm Beach Towers project - 2,Nakheel Company (PJSC),Palm Jumeirah,Palm Jumeirah,ACTIVE,2026-12-31,2022-01-12,322.0,1.0,0.0,0.0,normal,Buildings,True,1,334,3.0,1.0,Apartment | Off-Plan Properties | 4 B/R | Palm Jumeirah,Apartment | Off-Plan Properties | 4 B/R | Palm Jumeirah | Nakheel Company (PJSC),19.230778331953967,0.0,,3.0,1.0,1.0,512.0,20.0,13.0,3.0,1.0,1.0,19.230778331953967,True
2429.0,Apartment,4 B/R,Off-Plan Properties,2023,3549.5215533259016,7,3311.11404,,,,,,,,,,,,,,,,,,,,3549.5215533259016,3549.5215533259016,3140.834262356002,3744.841137123746,,,,,,,,,,,,,,,,,,,,0.0,-11.513869822454224,19.230778331953967,,426810499.0,Palm Beach Towers project - 2,Nakheel Company (PJSC),Palm Jumeirah,Palm Jumeirah,ACTIVE,2026-12-31,2022-01-12,322.0,1.0,0.0,0.0,normal,Buildings,True,1,334,3.0,1.0,Apartment | Off-Plan Properties | 4 B/R | Palm Jumeirah,Apartment | Off-Plan Properties | 4 B/R | Palm Jumeirah | Nakheel Company (PJSC),19.230778331953967,0.0,,3.0,1.0,1.0,512.0,20.0,13.0,3.0,1.0,1.0,19.230778331953967,True
2429.0,Apartment,4 B/R,Off-Plan Properties,2024,3140.834262356002,1,3311.22168,,,,,,,,,,,,,,,,,,,,3549.5215533259016,3549.5215533259016,3140.834262356002,3744.841137123746,,,,,,,,,,,,,,,,,,,,0.0,-11.513869822454224,19.230778331953967,,426810499.0,Palm Beach Towers project - 2,Nakheel Company (PJSC),Palm Jumeirah,Palm Jumeirah,ACTIVE,2026-12-31,2022-01-12,322.0,1.0,0.0,0.0,normal,Buildings,True,1,334,3.0,1.0,Apartment | Off-Plan Properties | 4 B/R | Palm Jumeirah,Apartment | Off-Plan Properties | 4 B/R | Palm Jumeirah | Nakheel Company (PJSC),19.230778331953967,0.0,,3.0,1.0,1.0,512.0,20.0,13.0,3.0,1.0,1.0,19.230778331953967,True
2429.0,Apartment,4 B/R,Off-Plan Properties,2025,3744.841137123746,1,3311.22168,,,,,,,,,,,,,,,,,,,,3549.5215533259016,3549.5215533259016,3140.834262356002,3744.841137123746,,,,,,,,,,,,,,,,,,,,0.0,-11.513869822454224,19.230778331953967,,426810499.0,Palm Beach Towers project - 2,Nakheel Company (PJSC),Palm Jumeirah,Palm Jumeirah,ACTIVE,2026-12-31,2022-01-12,322.0,1.0,0.0,0.0,normal,Buildings,True,1,334,3.0,1.0,Apartment | Off-Plan Properties | 4 B/R | Palm Jumeirah,Apartment | Off-Plan Properties | 4 B/R | Palm Jumeirah | Nakheel Company (PJSC),19.230778331953967,0.0,,3.0,1.0,1.0,512.0,20.0,13.0,3.0,1.0,1.0,19.230778331953967,True
