property_type_en,rooms_en,reg_type_en,area_name_en,median_price_sqft,transaction_count,growth_2023_to_2024,recent_growth,growth_score,price_score,volume_score,investment_score
Apartment,1 B/R,Off-Plan Properties,Al Barsha South Fourth,973.3263656633223,19440,3.614650466000557,3.614650466000557,33.64575108208867,95.10151808730197,100.0,61.98875585902606
Villa,4 B/R,Existing Properties,Island 2,4191.345224823486,14,142.10031031918854,142.10031031918854,100.0,70.1162337152971,0.06687586810021091,61.048245288209166
Apartment,1 B/R,Existing Properties,Marsa Dubai,1326.1624396135267,16374,10.231491948529836,10.231491948529836,36.81615549253494,92.36203456337746,84.22758372344256,59.280589310715726
Apartment,1 B/R,Existing Properties,Al Barsha South Fourth,721.7800074321814,13234,14.959704809188135,14.959704809188135,39.081639250388214,97.05456981515526,68.07448942846854,58.36392453039557
Apartment,2 B/R,Existing Properties,Marsa Dubai,1213.714232627276,13869,14.310304987150404,14.310304987150404,38.77048474179563,93.23510291742893,71.34111837028654,57.74694844600424
Apartment,1 B/R,Existing Properties,Al Thanyah Fifth,943.2808435525828,10598,14.371793695523948,14.371793695523948,38.799946543583516,95.33479699177616,54.514121096764235,55.0232419343191
Villa,3 B/R,Existing Properties,Al Thanayah Fourth,659.787718320327,8318,22.64928487362741,22.64928487362741,42.76603740548186,97.53588923561865,42.785122691496476,54.92420627117763
Villa,4 B/R,Existing Properties,Jumeirah First,2337.928279450018,27,86.95416118019132,86.95416118019132,73.57718257101514,84.5065003565977,0.13375173620042183,54.80957348262545
Apartment,4 B/R,Existing Properties,Al Thanyah Fifth,822.3230211817169,89,65.93632068607572,65.93632068607572,63.50665959165413,96.2739355491379,0.4526981840629662,54.375384138215615
Villa,3 B/R,Existing Properties,Wadi Al Safa 6,727.6279728725382,115,64.43627768946236,64.43627768946236,62.78792650051408,97.00916514665587,0.586449920263388,54.33521012825507
Villa,2 B/R,Off-Plan Properties,Wadi Al Safa 7,709.5847268673356,1209,58.193352564293896,58.193352564293896,59.7966809941529,97.14925619402521,6.214311435773445,54.30631154302341
Apartment,5 B/R,Existing Properties,Burj Khalifa,3237.9487179487182,23,93.80810382925677,93.80810382925677,76.86119202793155,77.51857779284515,0.11317454601574155,54.022685058229314
Villa,2 B/R,Existing Properties,Al Thanayah Fourth,647.5106837606838,5582,31.58880275391329,31.58880275391329,47.04933284028318,97.6312103673903,28.710324605175163,53.85116116736539
Apartment,Studio,Off-Plan Properties,Al Barsha South Fourth,1088.8254830917872,11456,5.129369118913485,5.129369118913485,34.37151589154648,94.20476190905542,58.92792839137816,53.79562060761085
Apartment,1 B/R,Off-Plan Properties,Business Bay,1714.0057134894096,13750,-0.3940774919812373,-0.3940774919812373,31.725002514691127,89.35074876498183,70.7289469622923,53.64101502782946
Apartment,PENTHOUSE,Existing Properties,Al Thanyah Fifth,718.4766350798959,46,60.01413281721453,60.01413281721453,60.6690926666336,97.08021779958939,0.23149338957765317,53.43800108444579
Apartment,1 B/R,Off-Plan Properties,Marsa Dubai,1704.0294035674474,12339,5.907466919528259,5.907466919528259,34.74433496320492,89.42820665174156,63.47034312464633,53.4202646057337
Apartment,1 B/R,Existing Properties,Nadd Hessa,645.2863712374582,7936,16.55751469353486,16.55751469353486,39.84721653038845,97.64848033483216,40.82000102885951,53.39743091837693
Apartment,1 B/R,Existing Properties,Business Bay,1194.1164994425865,10134,8.48334260082224,8.48334260082224,35.97854431252941,93.38726328630692,52.12716703534132,52.8330301179721
Apartment,Studio,Existing Properties,Al Barsha South Fourth,853.7290969899666,7323,19.243559465871066,19.243559465871066,41.134212480851474,96.03009305802128,37.66654663305726,52.796022236358425
Apartment,1 B/R,Existing Properties,Al Hebiah Fourth,675.2554812337421,7446,15.279976001531193,15.279976001531193,39.23509452106748,97.41579470792801,38.29929523123617,52.57863526705263
Apartment,Studio,Existing Properties,Al Hebiah Fourth,818.0829617242662,5952,21.91235884208205,21.91235884208205,42.41294544359146,96.3068561428122,30.61371469725809,51.97997795973186
Apartment,2 B/R,Existing Properties,Al Thanyah Fifth,909.0440356744706,6893,16.69951807988943,16.69951807988943,39.91525626862089,95.60061780211397,35.454498688204126,51.737187585723376
Villa,2 B/R,Off-Plan Properties,Wadi Al Safa 2,840.2842809364548,410,49.71530666171356,49.71530666171356,55.73449600869179,96.13448105794555,2.1040176963835586,51.55494626013709
Apartment,2 B/R,Off-Plan Properties,Marsa Dubai,1725.1950947603125,10670,3.1115263761014145,3.1115263761014145,33.40468337057863,89.26387237138815,54.88451052008848,51.117937163665594
Apartment,4 B/R,Existing Properties,Al Hebiah First,666.9625603864735,52,46.45091028830453,46.45091028830453,54.170387712153804,97.48018245539373,0.2623591748546736,50.96468165645058
Apartment,1 B/R,Off-Plan Properties,Al Merkadh,1488.8294314381274,10138,1.221134476574437,1.221134476574437,32.49891785820289,91.0990584198079,52.147744225526004,50.75883351432873
Apartment,3 B/R,Existing Properties,Al Hebiah First,739.0249907097733,147,44.90741256870199,44.90741256870199,53.430833652915396,96.9206766249539,0.7510674417408303,50.5987499370005
Apartment,Studio,Existing Properties,Dubai Investment Park Second,673.373281308064,537,41.33199809072785,41.33199809072785,51.717703625534156,97.43040845086931,2.7573434847471576,50.46767268242389
Villa,3 B/R,Off-Plan Properties,Wadi Al Safa 5,942.833519137867,6134,13.840736321648384,13.840736321648384,38.54549483202588,95.3382700999826,31.549976850661043,50.32967433293734
Apartment,1 B/R,Existing Properties,Burj Khalifa,1611.7695559271647,8093,11.240973465274063,11.240973465274063,37.299840141985925,90.14452890785535,41.62765574360821,50.28882587787262
Apartment,Studio,Existing Properties,Me'Aisem First,881.5798030471944,4785,19.99993856003146,19.99993856003146,41.49662521545106,95.81385510502726,24.610319460877616,50.264870509864124
Apartment,1 B/R,Existing Properties,Wadi Al Safa 2,577.0111018208844,2945,25.239027503974864,25.239027503974864,44.006890987791934,98.17858195841106,15.144811975924688,50.08529337782503
Apartment,2 B/R,Existing Properties,Al Barsha South Fourth,682.2310479375697,4687,15.693598369251394,15.693598369251394,39.43327822885944,97.36163513790098,24.10617830135295,49.80303749318466
Villa,4 B/R,Off-Plan Properties,Madinat Al Mataar,657.5534188034188,3011,24.23529784470466,24.23529784470466,43.52596229287787,97.55323674389794,15.484335613971911,49.77322306311491
Apartment,2 B/R,Existing Properties,Al Hebiah First,840.685618729097,300,40.53418335989669,40.53418335989669,51.33543735120605,96.13136499824631,1.538144966304851,49.68121343321729
Apartment,Studio,Off-Plan Properties,Al Hebiah Fourth,927.7882292827944,4147,20.066663217073522,20.066663217073522,41.52859577837451,95.45508446992272,21.328257626421113,49.51361517761084
Apartment,1 B/R,Existing Properties,Al Hebiah Fifth,780.9659513192123,3507,21.07008347701789,21.07008347701789,42.009376227182045,96.59503937000774,18.035907196872266,49.389443741249586
Apartment,PENTHOUSE,Existing Properties,Al Thanyah Third,931.9987922705316,41,41.42638867692485,41.42638867692485,51.76293008767228,95.42239289221013,0.20577190184680283,49.37304428310131
Villa,1 B/R,Existing Properties,Saih Shuaib 2,657.3662207357861,60,37.81887862301585,37.81887862301585,50.03442173276599,97.5546901837808,0.30351355522403417,49.34087845928544
Apartment,1 B/R,Existing Properties,Wadi Al Safa 5,658.3644555927165,3093,21.372332135841354,21.372332135841354,42.15419615123727,97.54693970658907,15.906168012757858,49.306993975023204
Apartment,Studio,Existing Properties,Nadd Hessa,807.0248049052396,3418,21.238316781209,21.238316781209,42.0899838117826,96.39271368586765,17.57806471526313,49.269420573525956
Apartment,2 B/R,Existing Properties,Wadi Al Safa 5,626.7103307320699,3118,20.143253403408856,20.143253403408856,41.56529332737815,97.79270809571425,16.03477545141211,49.17088484994795
Villa,3 B/R,Existing Properties,Al Yelayiss 1,638.6636008918617,3106,20.293900684523543,20.293900684523543,41.63747471569292,97.69990072969534,15.97304388085807,49.15956888135738
Villa,4 B/R,Off-Plan Properties,Al Yelayiss 2,555.9308807134894,1016,30.1872414104164,30.1872414104164,46.37778641187533,98.34225263345814,5.221462009362622,49.098082756660105
Apartment,2 B/R,Existing Properties,Al Hebiah Fourth,646.9567539947975,3940,15.384593236687172,15.384593236687172,39.2852209967618,97.63551117895433,20.263388034363906,49.057419359263804
Apartment,2 B/R,Existing Properties,Hessyan First,576.4887588257154,40,35.08749205409312,35.08749205409312,48.725700638629064,98.18263752453582,0.20062760430063276,48.985197033672506
Apartment,3 B/R,Existing Properties,Marsa Dubai,1212.3982720178374,5632,12.054817567237542,12.054817567237542,37.68978675580361,93.24532027521587,28.967539482483666,48.843018681382944
Apartment,1 B/R,Off-Plan Properties,Hadaeq Sheikh Mohammed Bin Rashid,1622.2946859903382,7398,7.411716761124532,7.411716761124532,35.465083729032536,90.06280988158792,38.052368949020014,48.8153502458934
Villa,3 B/R,Off-Plan Properties,Al Yelayiss 2,639.4444444444446,3096,18.246316250137447,18.246316250137447,40.6563917112596,97.69383811817404,15.921600905396367,48.755028301035324
Villa,4 B/R,Existing Properties,Al Yelayiss 1,615.0044128576737,1670,24.99823087953219,24.99823087953219,43.891515293486826,97.88359497355046,8.585832604557847,48.63885113037144
Villa,5 B/R,Existing Properties,Al Barsha South Fourth,647.8920475659606,68,33.939937320280464,33.939937320280464,48.17585935878063,97.6282493893659,0.3446679355933947,48.6277521474407
Apartment,2 B/R,Existing Properties,Burj Khalifa,1702.7631456707545,6999,9.357186362855495,9.357186362855495,36.39723926305922,89.43803810861668,35.99979422809815,48.590265983428324
Villa,3 B/R,Off-Plan Properties,Madinat Al Mataar,861.7688591601635,3113,19.72500443878138,19.72500443878138,41.36489282426489,95.96767088062047,16.00905396368126,48.53806918662835
Villa,4 B/R,Existing Properties,Hadaeq Sheikh Mohammed Bin Rashid,1069.034745447789,1498,30.282064298800822,30.282064298800822,46.423220008001046,94.3584207996985,7.701013426616596,48.417016928433284
Apartment,4 B/R,Existing Properties,Al Wasl,1502.7754552211074,86,42.85544334666557,42.85544334666557,52.44764971404951,90.99077895181017,0.43726529142445597,48.363746629447746
Apartment,2 B/R,Existing Properties,Al Hebiah Fifth,757.1028428093646,3001,17.89680297687466,17.89680297687466,40.488925341393006,96.78031688956652,15.43289263851021,48.316243731129205
Apartment,Studio,Existing Properties,Al Safouh First,1026.0052025269415,40,37.037016970852285,37.037016970852285,49.65979924302929,94.69251000592376,0.20062760430063276,48.311798219848974
Apartment,Studio,Off-Plan Properties,Business Bay,1829.9447231512447,8076,3.602787811743924,3.602787811743924,33.640067190238746,88.4505771833381,41.54020268532332,48.299240568161586
Villa,4 B/R,Off-Plan Properties,Al Hebiah Fourth,1244.5136566332221,1375,32.42263043072653,32.42263043072653,47.44885441732274,92.99597058136693,7.068264828437677,48.291985907026714
Villa,3 B/R,Off-Plan Properties,Al Yufrah 1,1012.7547844667411,3189,19.54191202826565,19.54191202826565,41.277165622797085,94.7953886644312,16.400020577190183,48.22948696388624
Villa,4 B/R,Off-Plan Properties,Wadi Al Safa 5,813.3405332590116,3580,14.666603306686966,14.666603306686966,38.94120210999552,96.34367722093639,18.41144091774268,48.16187219382766
Apartment,6 B/R,Existing Properties,Burj Khalifa,2514.0477517651434,10,54.3886751097964,54.3886751097964,57.973701523673945,83.13907670501933,0.046298677915530634,48.14046335655849
Villa,3 B/R,Existing Properties,Al Yelayiss 2,734.5903010033445,2826,17.52582166522194,17.52582166522194,40.31117273998003,96.9551083633203,14.532640567930448,48.11752971857419
Apartment,2 B/R,Existing Properties,Al Thanyah First,904.5155146785582,784,30.434842495282453,30.434842495282453,46.49642240664159,95.63577806369709,4.0279849786511654,48.094899377496
Apartment,Studio,Existing Properties,Hessyan First,585.6419546636938,28,30.43482758977436,30.43482758977436,46.49641526479171,98.11157044539998,0.1388960337465919,48.05981644628599
Apartment,2 B/R,Existing Properties,Business Bay,1198.5936919360834,4927,11.57635800753507,11.57635800753507,37.46053684822973,93.35250154856266,25.340809712433767,48.058127146347445
Apartment,2 B/R,Off-Plan Properties,Hadaeq Sheikh Mohammed Bin Rashid,1635.9736157562245,6322,9.323176206684549,9.323176206684549,36.380943580382066,89.95660418017245,32.51710478934102,48.042779644072766
Apartment,2 B/R,Existing Properties,Nadd Hessa,661.2146971386103,1736,21.98117650815445,21.98117650815445,42.44591885433564,97.52480991224361,8.925356242605073,48.02088176392835
Apartment,5 B/R,Existing Properties,Palm Jumeirah,1616.103446674099,113,42.05030895914055,42.05030895914055,52.061876287264084,90.11087979096433,0.5761613251710479,47.973246717229145
Apartment,2 B/R,Off-Plan Properties,Business Bay,1756.8478260869565,6373,9.595109419960778,9.595109419960778,36.51123811154079,89.01811480191472,32.77946396419569,47.86582247802987
Apartment,1 B/R,Off-Plan Properties,Al Thanyah Fifth,931.0323764399852,4375,10.26713691423977,10.26713691423977,36.83323448056803,95.42989632068726,22.501157466947888,47.86249418182297
Apartment,3 B/R,Existing Properties,Wadi Al Safa 3,708.2831661092531,161,30.133232951398117,30.133232951398117,46.351908709179085,97.15936174874425,0.8230876073872113,47.85318952977235
Apartment,3 B/R,Existing Properties,Al Thanyah First,686.3429022668154,80,30.213590923051516,30.213590923051516,46.39041156109372,97.32970995218615,0.4063995061474356,47.836357511322824
Apartment,3 B/R,Existing Properties,Al Hebiah Second,600.9750092902267,56,29.206563186072486,29.206563186072486,45.90790261975218,97.9925218173769,0.2829363650393539,47.81750486612181
Apartment,Studio,Existing Properties,Al Thanyah Fifth,1141.164994425864,3845,15.356207485796268,15.356207485796268,39.271620200965806,93.7983884128743,19.77467976747775,47.803100557744166
Villa,1 B/R,Off-Plan Properties,Wadi Al Safa 7,811.3805276848756,577,28.74635034406952,28.74635034406952,45.68739547478239,96.35889506109947,2.9631153865939606,47.77524978556159
Apartment,Studio,Off-Plan Properties,Al Barshaa South Third,1229.2604979561502,6112,4.071858696133135,4.071858696133135,33.86481859233989,93.11439888269064,31.4368023046453,47.767607562672204
Apartment,2 B/R,Off-Plan Properties,Al Barsha South Fourth,948.0330267558529,5392,4.382972322223644,4.382972322223644,34.01388609152536,95.29790017608983,27.73290807140285,47.74150610371766
Apartment,2 B/R,Existing Properties,Al Hebiah Sixth,964.4829988851728,97,32.895831367135095,32.895831367135095,47.67558469940342,95.1701795972024,0.4938525644323268,47.72005827180856
Villa,3 B/R,Off-Plan Properties,Wadi Al Safa 4,1029.864130434783,194,32.86048955400707,32.86048955400707,47.658650964401595,94.66254858699857,0.9928494264108236,47.66079484714237
Apartment,2 B/R,Off-Plan Properties,Burj Khalifa,2117.5006967670015,7117,8.817463109694778,8.817463109694778,36.13863536771744,86.21794024486675,36.60682133854622,47.64220048825624
Apartment,Studio,Off-Plan Properties,Al Merkadh,1515.952712746191,7482,-0.4964166877195697,-0.4964166877195697,31.67596754258442,90.88846832501874,38.4844899428983,47.633825503119056
Villa,4 B/R,Existing Properties,Al Yelayiss 2,585.3451319212188,979,23.09258864402284,23.09258864402284,42.978442709816264,98.11387503121921,5.031123000154329,47.63176419332314
Villa,3 B/R,Off-Plan Properties,Al Hebiah Fourth,1335.393441099963,1227,30.83193963316384,30.83193963316384,46.68668818838033,92.29036338701985,6.306908791604506,47.62316604977899
Apartment,Studio,Off-Plan Properties,Al Thanyah Fifth,1013.5646599777036,4100,11.43724460639155,11.43724460639155,37.393881822308046,94.78910064349878,21.086475641751118,47.611578050323075
Apartment,1 B/R,Existing Properties,Al Warsan First,625.9476031215162,3201,11.320304256654756,11.320304256654756,37.3378508290398,97.79863005176301,16.461752147744225,47.56707977669367
Apartment,3 B/R,Existing Properties,Al Warsan First,565.3539576365663,43,27.248389450734443,27.248389450734443,44.96966000606292,98.2690901484366,0.21606049693914295,47.51180314634398
Apartment,1 B/R,Off-Plan Properties,Al Khairan First,1631.8496841322929,6037,7.454461641432886,7.454461641432886,35.48556458193062,89.98862313620229,31.050979988682545,47.40100877136945
Apartment,2 B/R,Existing Properties,Me'Aisem First,695.6089743589744,2950,12.62656795759456,12.62656795759456,37.96373618681966,97.2577664812599,15.170533463655538,47.39693111183694
Villa,3 B/R,Off-Plan Properties,Al Yelayiss 1,621.6007060572279,3431,,,36.05374514480537,97.8323801520702,17.644940583363343,47.30020022021588
Apartment,5 B/R,Existing Properties,Al Goze Fourth,436.874767744333,172,23.688900119755218,23.688900119755218,43.264160380045084,99.26662597275431,0.879674880395082,47.26158691992334
Apartment,PENTHOUSE,Existing Properties,Palm Jumeirah,1318.220457079153,178,34.336071483342096,34.336071483342096,48.365663739165896,92.42369756188165,0.9105406656721025,47.25548289736527
Villa,2 B/R,Existing Properties,Al Barsha South Fourth,667.9612597547382,80,26.899928402456407,26.899928402456407,44.802697801021985,97.47242837165143,0.4063995061474356,47.24408753313371
Apartment,2 B/R,Existing Properties,Wadi Al Safa 4,599.4723151244891,11,26.42711769246964,26.42711769246964,44.576154492676736,98.00418900849613,0.05144297546170071,47.24200709471187
Apartment,Studio,Existing Properties,Al Goze Fourth,601.6452991452992,475,23.495714005800416,23.495714005800416,43.17159686475815,97.98731756489312,2.4383970368846133,47.15251342274812
Apartment,Studio,Off-Plan Properties,Al Warsan First,843.6580267558529,1681,19.9491996559356,19.9491996559356,41.4723140927271,96.10828668109887,8.642419877565718,47.14989561693365
Apartment,1 B/R,Existing Properties,Me'Aisem First,746.1900780379042,3599,8.315314432950839,8.315314432950839,35.89803501728556,96.86504558229112,18.509182571119915,47.120564195825544
Villa,2 B/R,Existing Properties,Wadi Al Safa 7,714.7770345596432,615,23.738967961516686,23.738967961516686,43.28814996884832,97.1089421716664,3.158598693348423,47.07966237770894
Apartment,Studio,Existing Properties,Al Barsha South Fifth,851.2516257896693,711,24.593549678538885,24.593549678538885,43.69761567116077,96.04932859552805,3.65245125778075,47.024335098678876
Villa,3 B/R,Existing Properties,Al Thanyah Third,833.3454106280193,1977,17.46458789301264,17.46458789301264,40.281833088729016,96.18835571047694,10.165131951232059,47.0022663388811
Apartment,3 B/R,Existing Properties,Dubai Investment Park Second,462.4400780379042,114,22.89559485286372,22.89559485286372,42.884054777753754,99.06813224860313,0.581305622717218,46.99032271022588
Apartment,3 B/R,Existing Properties,Al Yelayiss 2,710.7710888145671,1039,20.83664324201744,20.83664324201744,41.89752528552428,97.14004506384947,5.339780852924533,46.96897980394946
Apartment,3 B/R,Existing Properties,Al Hebiah Fourth,604.8411371237459,242,23.74273600239194,23.74273600239194,43.28995539420742,97.96250449691775,1.239775708626987,46.95268864848369
Villa,4 B/R,Existing Properties,Wadi Al Safa 7,947.8846153846156,982,23.649089507088195,23.649089507088195,43.24508545701491,95.29905246899945,5.046555892792839,46.89706110206436
Apartment,1 B/R,Existing Properties,Al Safouh First,1047.4075622445189,236,28.77971527266228,28.77971527266228,45.703382002046794,94.52633818805096,1.2089099233499665,46.881036241904
Villa,3 B/R,Existing Properties,Al Barsha South Fourth,971.6843180973616,1835,19.10092463329579,19.10092463329579,41.065870190428775,95.11426724359454,9.43464169967591,46.847556589185054
Apartment,6 B/R,Off-Plan Properties,Al Wasl,3214.2498141954666,10,56.14674312532628,56.14674312532628,58.81606515064268,77.70258039677466,0.046298677915530634,46.846459914872575
Apartment,1 B/R,Off-Plan Properties,Al Barshaa South Third,1093.8981791155704,5100,2.8112323599673417,2.8112323599673417,33.26079999726588,94.1653765734704,26.23077318792119,46.80008760853171
Apartment,3 B/R,Existing Properties,Al Thanyah Fifth,894.7122352285396,2159,16.038107687982595,16.038107687982595,39.59834699564631,95.71189251036658,11.101394104635013,46.773185372295494
Apartment,1 B/R,Off-Plan Properties,Al Hebiah Fourth,847.0666109253066,3352,8.764074253470922,8.764074253470922,36.11305454253254,96.08182181295888,17.238541077215906,46.717476576343856
Apartment,Studio,Existing Properties,Al Hebiah Fifth,885.6150130063174,871,22.35652239139927,22.35652239139927,42.625762703825494,95.78252500015779,4.4755388651679615,46.68017035461113
Villa,3 B/R,Existing Properties,Wadi Al Safa 7,931.802768487551,2440,14.436562470056248,14.436562470056248,38.830979961714895,95.42391485655396,12.546941715108803,46.66895478467391
Apartment,3 B/R,Existing Properties,Nad Al Shiba First,874.392883686362,78,26.34790049660314,26.34790049660314,44.538198233966064,95.86965565556721,0.39611091105509544,46.655398172467606
Apartment,2 B/R,Existing Properties,Dubai Investment Park Second,533.4262356001487,566,19.40717550043776,19.40717550043776,41.21260773922052,98.5169827958521,2.9065281135860896,46.62144355716105
Apartment,2 B/R,Existing Properties,Al Yelayiss 2,778.2966369379412,2178,13.546603705641669,13.546603705641669,38.40456364219672,96.61576441290316,11.199135758012243,46.58638193235208
Apartment,Studio,Existing Properties,Business Bay,1385.5425492382014,4924,5.813248256246917,5.813248256246917,34.69919087649796,91.90099658008842,25.325376819795256,46.515050688584765
Apartment,Studio,Existing Properties,Al Barshaa South Third,874.1016350798959,2043,14.942572640506334,14.942572640506334,39.073430514650376,95.8719169627795,10.504655589279285,46.49187841254986
Villa,1 B/R,Existing Properties,Wadi Al Safa 7,850.7539018952064,194,24.486861748678063,24.486861748678063,43.646497039368654,96.05319301447219,0.9928494264108236,46.47312660537128
Villa,3 B/R,Existing Properties,Wadi Al Safa 5,1128.7681159420292,2097,17.64386808277001,17.64386808277001,40.3677336964152,93.89464003469502,10.782447656772467,46.47197502032908
Apartment,2 B/R,Existing Properties,Al Goze Fourth,562.5696767001115,186,20.94581506962332,20.94581506962332,41.94983405620468,98.29070781260003,0.951695046041463,46.45748497547017
Villa,2 B/R,Existing Properties,Madinat Al Mataar,1137.936640654032,126,27.900638733101047,27.900638733101047,45.28217980980696,93.82345393939012,0.6430371932712589,46.388515544394075
Apartment,2 B/R,Off-Plan Properties,Al Thanyah Third,1386.0706986250466,808,27.21062294167642,27.21062294167642,44.95156449822873,91.89689593208143,4.151448119759247,46.37998420286777
Villa,3 B/R,Off-Plan Properties,Wadi Al Safa 7,935.7624953548866,1777,16.515843230275152,16.515843230275152,39.827249996316695,95.39317081615339,9.136272441998045,46.376105731772306
Villa,4 B/R,Off-Plan Properties,Al Hebiah Fifth,1199.7607766629508,75,28.587644103386456,28.587644103386456,45.61135270320391,93.3434400902359,0.3806780184165852,46.32370871203565
Apartment,2 B/R,Off-Plan Properties,Al Khairan First,1627.04988851728,6532,-0.9052749738873268,-0.9052749738873268,31.480066504734822,90.02588962332284,33.59740727403673,46.31927494369813
Apartment,2 B/R,Existing Properties,Warsan Fourth,567.2361575622446,187,20.111693431326103,20.111693431326103,41.55017162997177,98.2544764054953,0.9568393435876331,46.287779442354825
Apartment,1 B/R,Existing Properties,Hadaeq Sheikh Mohammed Bin Rashid,1522.9868078781124,2083,21.295142406592205,21.295142406592205,42.1172113362468,90.83385432961889,10.710427491126087,46.2391263316096
Villa,4 B/R,Off-Plan Properties,Al Yufrah 1,909.2839557785211,2680,10.475607418635724,10.475607418635724,36.933121384059675,95.59875501874053,13.781573126189619,46.20918968448396
Apartment,Studio,Existing Properties,Al Warsan First,772.1093459680417,2135,11.612256195796444,11.612256195796444,37.47773716573641,96.66380366659965,10.97793096352693,46.18582215897984
Villa,3 B/R,Existing Properties,Madinat Al Mataar,1134.3076458565588,882,22.680570378060597,22.680570378060597,42.781027594003056,93.85163011577929,4.532126138175832,46.17432529997018
Apartment,1 B/R,Existing Properties,Al Barshaa South Third,808.7360646599777,1887,13.19376664714611,13.19376664714611,38.23550470835695,96.37942715353897,9.702145172076753,46.14845906381982
Apartment,4 B/R,Existing Properties,Um Suqaim Third,3071.75353028614,28,50.45896519395002,50.45896519395002,56.090813792137816,78.8089474913285,0.1388960337465919,46.10678897100299
Villa,5 B/R,Off-Plan Properties,Wadi Al Safa 4,1246.031679672984,28,28.15091457450553,28.15091457450553,45.40209739186057,92.98418437407864,0.1388960337465919,46.083873475717134
Apartment,Studio,Off-Plan Properties,Wadi Al Safa 5,980.4524340393908,3541,5.959677877700198,5.959677877700198,34.769351408362176,95.04618999488771,18.21081331344205,46.06376022449959
Apartment,3 B/R,Existing Properties,Al Hebiah Fifth,645.3669639539205,1012,15.456587696939671,15.456587696939671,39.31971654194221,97.6478545983069,5.200884819177941,46.06241996010455
Apartment,Studio,Existing Properties,Wadi Al Safa 3,730.2703455964327,328,20.13213475727917,20.13213475727917,41.55996592081705,96.98864928369397,1.682185297597613,46.05701821295454
Apartment,2 B/R,Existing Properties,Palm Jumeirah,1629.1576086956522,5864,1.2022980269386307,1.2022980269386307,32.48989253046001,90.00952490007602,30.161016513195122,46.03101778484584
Apartment,2 B/R,Existing Properties,Wadi Al Safa 2,533.786696395392,1757,9.921011337740481,9.921011337740481,36.66739129735154,98.51418411260373,9.033386491074644,46.027889050936665
Apartment,1 B/R,Existing Properties,Warsan Fourth,584.3696581196582,490,17.176124974851525,17.176124974851525,40.143618487336056,98.12144878743261,2.5155615000771645,45.996994331179636
Apartment,3 B/R,Existing Properties,Me'Aisem First,813.7634708286882,413,20.29074407884705,20.29074407884705,41.63596225440982,96.34039345663528,2.119450589022069,45.980393056558924
Apartment,Studio,Existing Properties,Wadi Al Safa 5,690.9626997398736,2301,8.640291659082688,8.640291659082688,36.05374514480537,97.2938410034145,11.831884356191162,45.97602723018473
Apartment,3 B/R,Existing Properties,Madinat Al Mataar,567.8381642512078,508,16.694451306985304,16.694451306985304,39.91282856664188,98.24980231594645,2.6081588559082256,45.96170389262233
Apartment,2 B/R,Existing Properties,Jabal Ali First,715.1721014492755,2154,9.348885660032137,9.348885660032137,36.393262050531085,97.10587480039996,11.075672616904162,45.904201783713255
Apartment,3 B/R,Existing Properties,Al Goze Fourth,585.3344481605352,22,19.16998844903459,19.16998844903459,41.09896154173267,98.11395798188249,0.10803024846957147,45.89537806095173
Villa,4 B/R,Existing Properties,Madinat Al Mataar,766.2850706057229,446,18.995417943518376,18.995417943518376,41.01531753997083,96.70902440101958,2.2892124080456813,45.87667681790334
Apartment,1 B/R,Existing Properties,Al Barsha South Fifth,721.679672984021,929,15.494009974958644,15.494009974958644,39.33764711434502,97.05534883008008,4.7739081228458256,45.806445119331194
Apartment,2 B/R,Existing Properties,Al Hebiah Third,887.4986064659978,710,18.4425411296234,18.4425411296234,40.75041122570682,95.76790043756475,3.64730696023458,45.759996013599064
Apartment,Studio,Existing Properties,Warsan Fourth,680.7861854329246,569,16.648926204481306,16.648926204481306,39.89101559346641,97.37285331347326,2.9219610062246,45.75265443267346
Apartment,4 B/R,Existing Properties,Al Barsha South Fourth,594.3176328502416,97,18.021332320843708,18.021332320843708,40.54859253795377,98.04421090025814,0.4938525644323268,45.731470798145416
Apartment,Studio,Existing Properties,Al Thanyah First,1046.570512820513,604,20.58964572006248,20.58964572006248,41.77917848289301,94.53283719219218,3.1020114203405527,45.69192483488297
Apartment,Studio,Existing Properties,Al Yelayiss 2,1096.6536603493123,214,23.24196611766141,23.24196611766141,43.05001568046933,94.1439825154428,1.095735377334225,45.68234810228741
Apartment,3 B/R,Existing Properties,Hadaeq Sheikh Mohammed Bin Rashid,1353.8173541434412,955,22.230901889692145,22.230901889692145,42.56557268813503,92.14731677145198,4.907659859046247,45.651956078498856
Apartment,3 B/R,Existing Properties,Al Barsha South Fourth,676.9212188777407,834,14.583755766677651,14.583755766677651,38.9015064021667,97.40286161755597,4.285199855959669,45.6385010173254
Apartment,2 B/R,Existing Properties,Hadaeq Sheikh Mohammed Bin Rashid,1620.7785209959125,2565,16.743040152577993,16.743040152577993,39.93610950676599,90.07458166267392,13.189978908380061,45.63481408318458
Apartment,2 B/R,Existing Properties,Al Thanyah Third,1191.5607580824972,1251,18.40940676004128,18.40940676004128,40.73453516886944,93.40710652758605,6.430371932712588,45.60202041236611
Apartment,1 B/R,Off-Plan Properties,Al Warsan First,788.9483463396507,1921,9.82143980803678,9.82143980803678,36.61968242934239,96.53306260160329,9.877051288646536,45.58320200994725
Apartment,1 B/R,Off-Plan Properties,Burj Khalifa,2046.1917038275737,6245,1.7602758084817705,1.7602758084817705,32.75724293082946,86.77159625026937,32.12099387828592,45.55857482306979
Apartment,Studio,Off-Plan Properties,Wadi Al Safa 3,921.3651988108512,1285,14.618743419364533,14.618743419364533,38.91827044414693,95.50495404803745,6.60527804928237,45.539850001926474
Villa,4 B/R,Off-Plan Properties,Al Yelayiss 1,584.2063823857302,1556,,,36.05374514480537,98.12271648996072,7.99938268429446,45.45818954176926
Villa,6 B/R,Existing Properties,Al Goze Fourth,394.4581475287997,11,14.463997535098327,14.463997535098327,38.84412524431536,99.59595633549216,0.05144297546170071,45.42672559346613
Apartment,2 B/R,Off-Plan Properties,Al Thanyah Fifth,941.0386473429952,2344,8.449958539010005,8.449958539010005,35.96254861774246,95.35220581141527,12.053089150676476,45.401299020656865
Apartment,1 B/R,Existing Properties,Jabal Ali First,784.6177071720551,1566,10.04995130161792,10.04995130161792,36.729171805655874,96.56668647264026,8.05082565975616,45.27183979600566
Apartment,1 B/R,Off-Plan Properties,Nadd Hessa,850.8168431809736,2771,4.160174984493414,4.160174984493414,33.90713460533052,96.05270432686889,14.249704202891095,45.22860598077109
Apartment,2 B/R,Existing Properties,Al Warsan First,582.9143441099964,703,11.909845554825193,11.909845554825193,37.62032462515458,98.13274811039291,3.6112968774113896,45.210213658661985
Apartment,1 B/R,Existing Properties,Al Yelayiss 2,844.4878762541806,1099,12.932991285988017,12.932991285988017,38.11055636898169,96.10184357849161,5.648438705694738,45.20446336227911
Apartment,1 B/R,Existing Properties,Palm Jumeirah,1607.6960237829803,2480,14.78260578238213,14.78260578238213,38.996783728738805,90.17615655314748,12.752713616955605,45.20210318083089
Villa,2 B/R,Off-Plan Properties,Hadaeq Sheikh Mohammed Bin Rashid,1370.8918617614272,403,23.02394900627691,23.02394900627691,42.945554599859925,92.01474718531269,2.0680076135603684,45.19624751824985
Apartment,2 B/R,Off-Plan Properties,Jabal Ali First,1008.7657933853586,2573,6.961294684659558,6.961294684659558,35.24926774771314,94.82635991751819,13.23113328874942,45.1938417320906
Apartment,Studio,Off-Plan Properties,Wadi Al Safa 7,873.7523225566706,185,18.11154925700791,18.11154925700791,40.591819230487836,95.87462908881402,0.946550748495293,45.1884265685384
Apartment,6 B/R,Existing Properties,Al Goze Fourth,485.5202526941657,6,14.15014800262484,14.15014800262484,38.693746858404545,98.88893357004326,0.025721487730850354,45.149323111920964
Villa,3 B/R,Existing Properties,Jabal Ali First,883.9367335562988,220,17.72488083638015,17.72488083638015,40.40655028164338,95.79555546739543,1.1266011626112455,45.12660698539823
Villa,5 B/R,Off-Plan Properties,Wadi Al Safa 5,1061.7400594574508,99,20.273643621331612,20.273643621331612,41.62776871281285,94.41505806997249,0.5041411595246669,45.076453138021826
Villa,3 B/R,Existing Properties,Saih Shuaib 2,545.9859253065774,129,13.819254484728472,13.819254484728472,38.535201989028934,98.41946707805387,0.6584700859097691,45.07161493620969
Apartment,2 B/R,Existing Properties,Al Safouh First,999.7751765143072,266,18.51849708258473,18.51849708258473,40.786804887078944,94.89616470395178,1.3632388497350687,45.05621913596413
Villa,2 B/R,Existing Properties,Wadi Al Safa 6,633.8482441471572,44,15.24337630697392,15.24337630697392,39.21755808266983,97.73728803626027,0.22120479448531302,45.052450602843074
Apartment,1 B/R,Off-Plan Properties,Wadi Al Safa 5,915.7840951319213,3429,0.490460566289963,0.490460566289963,32.14882154807058,95.54828675322989,17.634651988271003,45.050945042851396
Apartment,1 B/R,Existing Properties,Mirdif,877.9517372723894,200,17.148764978365016,17.148764978365016,40.13050917320791,95.84202406831528,1.023715211687844,45.009553932115324
Apartment,3 B/R,Existing Properties,Al Hebiah Third,813.8089929394278,396,15.272685321831501,15.272685321831501,39.23160125269524,96.34004001467866,2.031997530737178,45.001052011629135
Villa,5 B/R,Off-Plan Properties,Madinat Al Mataar,863.1073485693051,549,14.926148358154244,14.926148358154244,39.06556095674348,95.9572786051305,2.8190750553011985,44.97722297529678
Apartment,2 B/R,Existing Properties,Madinat Al Mataar,669.380341880342,1696,6.300908385183135,6.300908385183135,34.93284916008543,97.4614103596362,8.719584340758269,44.95547964007668
Apartment,2 B/R,Off-Plan Properties,Al Merkadh,1554.4346897064288,4811,-0.0246039350661697,-0.0246039350661697,31.902032687996574,90.58968724895027,24.74407119707804,44.886533489299325
Apartment,Studio,Existing Properties,Wadi Al Safa 2,885.9599126718693,106,17.084673296105123,17.084673296105123,40.09980017819176,95.77984713635377,0.5401512423478574,44.88190446065241
Apartment,2 B/R,Existing Properties,Al Hebiah Second,561.5551839464883,168,12.704558103350916,12.704558103350916,38.00110451470392,98.29858451906198,0.8590976902104017,44.86183669964224
Villa,5 B/R,Existing Properties,Me'Aisem First,1595.649386845039,48,25.7033101757254,25.7033101757254,44.22934815774199,90.26968883583253,0.24178198466999332,44.82100231078055
Apartment,1 B/R,Existing Properties,Wadi Al Safa 3,699.9934968413229,550,12.000027860391604,12.000027860391604,37.663534724726546,97.22372425035593,2.824219352847369,44.79737503556687
Apartment,1 B/R,Existing Properties,Al Hebiah Third,930.7002508361204,1457,9.81625441330416,9.81625441330416,36.61719789070358,95.43247500435041,7.490097227223623,44.77464110303128
Apartment,2 B/R,Existing Properties,Wadi Al Safa 3,707.8237643998514,646,11.38725496561186,11.38725496561186,37.36992970285302,97.1629286272657,3.3180719172796955,44.760464852776856
Villa,3 B/R,Existing Properties,Hadaeq Sheikh Mohammed Bin Rashid,1192.044778892605,974,15.344278496754182,15.344278496754182,39.265904525356675,93.40334850188397,5.005401512423479,44.72844666319256
Apartment,Studio,Off-Plan Properties,Jabal Ali First,1297.7519973987366,1979,11.166468761863513,11.166468761863513,37.26414183473231,92.58261840981775,10.1754205463244,44.71552636610313
Apartment,1 B/R,Existing Properties,Hessyan First,589.4992567818655,91,12.655969264201447,12.655969264201447,37.97782357766701,98.08162164940181,0.46298677915530634,44.70821328171841
Apartment,1 B/R,Existing Properties,Al Goze Fourth,506.3963210702342,513,9.35544145057301,9.35544145057301,36.39640320289202,98.72684797397513,2.6338803436390763,44.70339174207716
Apartment,2 B/R,Existing Properties,Al Khairan First,1817.2122352285396,2374,15.202096500693685,15.202096500693685,39.19777920777329,88.54943453795129,12.207418077061577,44.68542565990702
Apartment,1 B/R,Existing Properties,Al Merkadh,1541.5575065031587,3219,7.3112284247803805,7.3112284247803805,35.416935580767976,90.68966804406844,16.55434950357529,44.684544546242776
Apartment,Studio,Existing Properties,Al Hebiah Third,1040.3706800445932,1159,12.066374362044275,12.066374362044275,37.695324097649056,94.58097382275427,5.957096558464942,44.64384109757889
Villa,4 B/R,Existing Properties,Al Barsha South Fourth,1002.3625046451134,744,13.720150967395297,13.720150967395297,38.48771736524379,94.87607621723336,3.8222130768043625,44.622352426628396
Villa,4 B/R,Existing Properties,Wadi Al Safa 5,903.3983649201041,1471,8.426113575850014,8.426113575850014,35.951123502516566,95.64445181783674,7.562117392870004,44.58620842493165
Apartment,1 B/R,Existing Properties,Dubai Investment Park Second,551.5310293571164,367,9.9345734393113,9.9345734393113,36.6738894652083,98.3764138805312,1.8828129018982458,44.55904253062233
Apartment,Studio,Off-Plan Properties,Me'Aisem First,1153.251579338536,3262,1.6924895809797835,1.6924895809797835,32.724763725273874,93.70454596683958,16.775554298060598,44.556380139773545
Villa,4 B/R,Existing Properties,Jabal Ali First,853.2492567818656,218,14.131335147230107,14.131335147230107,38.68473283564549,96.03381862476817,1.1163125675189054,44.50730123519243
Apartment,Studio,Existing Properties,Al Hebiah Second,786.0948532144184,192,13.293160184551043,13.293160184551043,38.28312829284064,96.55521764180281,0.9825608313184835,44.47632877594079
Apartment,Studio,Existing Properties,Burj Khalifa,1922.8734671125976,2497,14.664738986799676,14.664738986799676,38.94030883667037,87.72906149439227,12.840166675240496,44.46287531803392
Apartment,1 B/R,Off-Plan Properties,Jabal Ali Industrial Second,1079.8852657004832,552,14.856023977489263,14.856023977489263,39.031961444600555,94.27417538475133,2.834507947939709,44.461938782853565
Apartment,1 B/R,Off-Plan Properties,Madinat Hind 4,984.9772389446302,1481,,,36.05374514480537,95.01105858570922,7.613560368331704,44.447527707301255
Apartment,1 B/R,Existing Properties,Dubai Investment Park First,342.41871051653663,2,,,36.05374514480537,100.0,0.005144297546170071,44.422526917431384
Apartment,4 B/R,Existing Properties,Me'Aisem First,937.1989966555184,44,15.640259389218558,15.640259389218558,39.407721301435494,95.38201755849148,0.22120479448531302,44.4219347470187
Apartment,3 B/R,Existing Properties,Nadd Hessa,650.4719435154218,389,10.251197314740246,10.251197314740246,36.82559715440759,97.60821860745672,1.9959874479139874,44.41190193358285
Apartment,PENTHOUSE,Existing Properties,Nadd Hessa,348.2590115198811,1,,,36.05374514480537,99.95465483958513,0.0,44.407894509797686
Apartment,3 B/R,Off-Plan Properties,Al Thanyah Fifth,1043.0862133036044,760,12.63638148719386,12.63638148719386,37.96843825768018,94.55988992807637,3.9045218375430837,44.3362466490036
Apartment,4 B/R,Existing Properties,Al Jadaf,1410.8284559643255,84,20.629327444754253,20.629327444754253,41.798191650324796,91.7046721961098,0.4269766963321158,44.316073658229286
Apartment,1 B/R,Off-Plan Properties,Al Hebiah Fifth,1495.9921962095875,2485,,,36.05374514480537,91.043445409898,12.778435104686455,44.29021870182884
Apartment,2 B/R,Existing Properties,Al Barshaa South Second,761.3684503901895,229,11.730070401901347,11.730070401901347,37.53418685999528,96.74719793561044,1.172899840526776,44.2724140927866
Apartment,Studio,Existing Properties,Jabal Ali First,989.1866406540321,1051,10.024881529778074,10.024881529778074,36.71715983356619,94.97837602437306,5.401512423478574,44.26067922543411
Apartment,1 B/R,Existing Properties,Al Jadaf,1030.9123002601264,1264,9.194728763767746,9.194728763767746,36.31939905938829,94.65441040561973,6.497247800812799,44.22353230560379
Apartment,2 B/R,Existing Properties,Zaabeel First,3167.996098104794,59,41.59968712770696,41.59968712770696,51.84596459501748,78.06170267056054,0.2983692576778641,44.21657049071072
Apartment,1 B/R,Off-Plan Properties,Al Goze Fourth,737.6788368636196,695,,,36.05374514480537,96.93112840852841,3.570142497042029,44.21486507988908
Apartment,1 B/R,Existing Properties,Al Thanyah First,994.7624024526199,362,13.510602244790462,13.510602244790462,38.38731384248994,94.93508479451228,1.8570914141673955,44.20686925818314
Apartment,4 B/R,Off-Plan Properties,Al Wasl,3077.226402824229,158,39.88640336013365,39.88640336013365,51.02505896694671,78.76645511242069,0.8076547147487011,44.201491063454625
Apartment,Studio,Off-Plan Properties,Al Goze Fourth,775.0390189520625,763,,,36.05374514480537,96.64105715210538,3.9199547301815936,44.19780614959008
Apartment,2 B/R,Off-Plan Properties,Al Yelayiss 2,998.55629877369,3274,-2.1382193875095767,-2.1382193875095767,30.889311471974256,94.90562829266797,16.83728586861464,44.194870250313016
Apartment,Studio,Off-Plan Properties,Nadd Hessa,900.1105536975103,2030,3.213050926646943,3.213050926646943,33.45332801223553,95.6699789828265,10.437779721179073,44.16988084397798
Apartment,3 B/R,Existing Properties,Burj Khalifa,1822.7480490523967,1840,15.213019441889376,15.213019441889376,39.20301284394748,88.50645347144018,9.46036318740676,44.12521381649239
Apartment,4 B/R,Existing Properties,Nadd Hessa,471.2541806020067,1,,,36.05374514480537,98.99969795138911,0.0,44.12140744333888
Apartment,Studio,Existing Properties,Madinat Hind 4,907.092159048681,136,13.165542711736157,13.165542711736157,38.22198144509907,95.61577252764195,0.6944801687329595,44.1124203700788
Apartment,2 B/R,Off-Plan Properties,Madinat Al Mataar,808.2971014492755,2156,1.1131082671009818,1.1131082671009818,32.44715800089594,96.38283534383501,11.085961211996501,44.11090604590817
Apartment,1 B/R,Existing Properties,Nad Al Shiba First,1012.463768115942,1014,9.722362244819504,9.722362244819504,36.57221024125541,94.79764816836821,5.211173414270282,44.11041322986669
Apartment,4 B/R,Existing Properties,Al Goze Fourth,513.6357302118172,32,,,36.05374514480537,98.67063988321989,0.1594732239312722,44.05458466767437
Apartment,1 B/R,Off-Plan Properties,Wadi Al Safa 3,834.9182460052025,1252,5.923855853990934,5.923855853990934,34.7521875844654,96.17614393022046,6.4355162302587585,44.04082145890405
Apartment,2 B/R,Existing Properties,Al Barshaa South Third,803.051839464883,1099,6.328379437821674,6.328379437821674,34.946011685842585,96.42356051295968,5.648438705694738,44.03516056936388
Apartment,3 B/R,Off-Plan Properties,Madinat Al Mataar,710.721850613155,612,7.798871682081621,7.798871682081621,35.65058578045226,97.14042735821072,3.1431658007099132,44.030995679786095
Apartment,1 B/R,Existing Properties,Madinat Al Mataar,757.4786324786326,999,6.285779048399531,6.285779048399531,34.92560006454755,96.77739919014907,5.13400895107773,44.03026157307929
Apartment,1 B/R,Off-Plan Properties,Al Hebiah Third,1261.2207357859534,2415,4.769356984987305,4.769356984987305,34.19901908015583,92.86625377673468,12.41833427645455,44.02315062037365
Apartment,2 B/R,Existing Properties,Al Barsha South Fifth,719.538972500929,710,7.171267891223243,7.171267891223243,35.34987465841558,97.07196961841794,3.64730696023458,43.99100214093853
Apartment,1 B/R,Existing Properties,Al Khairan First,1754.0440356744707,1797,13.872294344605262,13.872294344605262,38.560615595524844,89.0398839412024,9.239158392921446,43.98404309915495
Villa,2 B/R,Off-Plan Properties,Wadi Al Safa 5,685.5262913415088,336,,,36.05374514480537,97.33605026810196,1.7233396779669736,43.96698107394613
Apartment,1 B/R,Off-Plan Properties,Jabal Ali First,1055.5355815681903,2682,0.5166345698039532,0.5166345698039532,32.161362603557386,94.46323076604035,13.79186172128196,43.96188661549145
Apartment,3 B/R,Existing Properties,Al Barshaa South Third,794.2066146413973,135,10.840212333728497,10.840212333728497,37.10781878824151,96.49223644906243,0.6893358711867894,43.92866562425269
Apartment,1 B/R,Off-Plan Properties,Al Yelayiss 2,1132.9682274247493,2606,1.590657387031591,1.590657387031591,32.67597167884641,93.86202960437042,13.400895107773033,43.9091765744043
Apartment,1 B/R,Existing Properties,Al Barshaa South Second,868.1001486436269,275,10.879869181302285,10.879869181302285,37.12682003600969,95.91851359624486,1.4095375276505993,43.90818959880746
Apartment,PENTHOUSE,Existing Properties,Marsa Dubai,1076.808574879227,283,13.285418431922125,13.285418431922125,38.27941889663641,94.29806337250348,1.4506919080199598,43.891324952009604
Apartment,1 B/R,Existing Properties,Al Hebiah Second,649.1671311780008,387,7.511525280737619,7.511525280737619,35.512906148780225,97.6183494080298,1.9856988528216473,43.88780705248536
Apartment,7 B/R,Existing Properties,Business Bay,576.929580081754,2,,,36.05374514480537,98.17921490803747,0.005144297546170071,43.87629138984262
Villa,3 B/R,Off-Plan Properties,Al Hebiah Sixth,1305.7803790412486,1132,11.42321830620878,11.42321830620878,37.38716123755789,92.5202845929061,5.81820052471835,43.87458997783865
Apartment,1 B/R,Off-Plan Properties,Wadi Al Safa 2,689.4079803047194,1860,0.0,0.0,31.91382145828132,97.30591212819844,9.56324913833016,43.86995204943809
Apartment,2 B/R,Existing Properties,Madinat Hind 4,754.5029728725382,46,10.472668064554956,10.472668064554956,36.931713017066734,96.80050275315055,0.23149338957765317,43.859134710687385
Villa,2 B/R,Existing Properties,Wadi Al Safa 5,779.7493961352657,345,9.173958571548924,9.173958571548924,36.3094471950146,96.60448492597104,1.7696383558825042,43.85905202697365
Villa,4 B/R,Existing Properties,Nad Al Shiba First,1330.2870680044591,544,14.732110931325204,14.732110931325204,38.972589541993,92.33001019752176,2.7933535675703483,43.846709589567794
Apartment,Studio,Off-Plan Properties,Wadi Al Safa 2,838.2060572277965,553,,,36.05374514480537,96.1506167652307,2.839652245485879,43.834613536588535
Villa,5 B/R,Off-Plan Properties,Al Barsha South Fourth,601.8139167595689,11,,,36.05374514480537,97.98600838703337,0.05144297546170071,43.8275891691245
Apartment,4 B/R,Existing Properties,Warsan Fourth,598.4443515421776,3,,,36.05374514480537,98.01217030492484,0.010288595092340142,43.82720686841807
Apartment,4 B/R,Existing Properties,Al Yelayiss 2,604.7658862876254,12,,,36.05374514480537,97.96308875811135,0.056587273007870774,43.82174213995713
Villa,2 B/R,Existing Properties,Wadi Al Safa 2,611.5644741731699,23,,,36.05374514480537,97.91030328385446,0.11317454601574155,43.81722395228164
Apartment,1 B/R,Existing Properties,Jabal Ali Industrial Second,733.6761426978819,486,7.571090746830489,7.571090746830489,35.54144644506959,96.96220605485743,2.494984309892484,43.804237256463566
Villa,3 B/R,Existing Properties,Wadi Al Safa 2,624.2094017094017,37,,,36.05374514480537,97.8121257640252,0.18519471166212254,43.80217472946213
Villa,4 B/R,Off-Plan Properties,Al Hebiah Sixth,1054.8037439613527,757,9.966258053048849,9.966258053048849,36.68907088362403,94.4689128864757,3.8890889449045734,43.794120008373234
Apartment,7 B/R,Off-Plan Properties,Marsa Dubai,623.1140839836493,1,,,36.05374514480537,97.82063001028769,0.0,43.76768706100845
Apartment,3 B/R,Off-Plan Properties,Wadi Al Safa 2,675.0,115,,,36.05374514480537,97.4177783107458,0.586449920263388,43.76412153519856
Apartment,3 B/R,Existing Properties,Dubai Investment Park First,638.6324786324788,32,,,36.05374514480537,97.70014236858405,0.1594732239312722,43.76343541328362
Villa,2 B/R,Off-Plan Properties,Madinat Al Mataar,707.876254180602,183,,,36.05374514480537,97.16252108705041,0.9362621534029528,43.75750681471786
Apartment,3 B/R,Existing Properties,Palm Jumeirah,1599.5835655890005,2470,7.172770411544249,7.172770411544249,35.35059457849604,90.23914315571372,12.701270641493904,43.75223490641132
Villa,4 B/R,Existing Properties,Al Yufrah 1,915.8226495726497,70,11.727706972168894,11.727706972168894,37.5330544423505,95.54798740953193,0.35495653068573485,43.748609305936924
Apartment,4 B/R,Off-Plan Properties,Warsan Fourth,633.5693050910443,2,,,36.05374514480537,97.73945376988223,0.005144297546170071,43.74436304839605
Apartment,4 B/R,Existing Properties,Nad Al Shiba First,636.091833890747,7,,,36.05374514480537,97.71986839696942,0.030865785277020424,43.74363173406838
Apartment,1 B/R,Off-Plan Properties,Al Jadaf,1490.272203641769,2188,7.307123452300424,7.307123452300424,35.41496871744058,91.0878564737132,11.250578733473944,43.742460175784984
Villa,3 B/R,Off-Plan Properties,Dubai Investment Park First,642.4930323299889,16,,,36.05374514480537,97.67016832673184,0.07716446319255106,43.73798144858021
Villa,5 B/R,Off-Plan Properties,Al Goze Fourth,654.107209215905,34,,,36.05374514480537,97.57999374263474,0.16976181902361231,43.72944854451729
Villa,6 B/R,Off-Plan Properties,Al Goze Fourth,640.0464511334077,1,,,36.05374514480537,97.68916402862519,0.0,43.728247266509705
Villa,5 B/R,Off-Plan Properties,Wadi Al Safa 7,644.4764957264958,10,,,36.05374514480537,97.65476835576457,0.046298677915530634,43.72718830023463
Apartment,2 B/R,Off-Plan Properties,Al Goze Fourth,736.7827945001859,208,,,36.05374514480537,96.93808544459301,1.0648695920572047,43.7158976097115
Apartment,5 B/R,Off-Plan Properties,Al Thanyah Third,649.6794871794872,6,,,36.05374514480537,97.61437138274248,0.025721487730850354,43.710953770291056
Apartment,3 B/R,Off-Plan Properties,Al Warsan First,658.9799331103679,25,,,36.05374514480537,97.54216102707348,0.1234631411080817,43.708838994265804
Apartment,1 B/R,Off-Plan Properties,Madinat Al Mataar,1145.1340115198811,2739,-0.0275278890976005,-0.0275278890976005,31.90063169980883,93.76757224146218,14.085086681413653,43.707541688644916
Apartment,1 B/R,Off-Plan Properties,Al Wasl,2126.0228539576365,2038,15.61635494233804,15.61635494233804,39.39626768508102,86.15177266469088,10.478934101548434,43.69982569374936
Apartment,6 B/R,Off-Plan Properties,Al Goze Fourth,654.3661742846525,5,,,36.05374514480537,97.57798309068761,0.020577190184680284,43.69900842316537
Villa,3 B/R,Off-Plan Properties,Saih Shuaib 2,689.7898086213304,75,,,36.05374514480537,97.30294754362349,0.3806780184165852,43.68851792469251
Apartment,3 B/R,Off-Plan Properties,Al Hebiah Fifth,769.4140189520625,250,,,36.05374514480537,96.68473067632742,1.2809300889963475,43.68310327861965
Apartment,5 B/R,Off-Plan Properties,Al Goze Fourth,725.0018580453363,144,,,36.05374514480537,97.02955478034754,0.7356345491023201,43.67749140184687
Apartment,PENTHOUSE,Off-Plan Properties,Nadd Hessa,663.3509847640283,1,,,36.05374514480537,97.50822338613624,0.0,43.67396507376302
Apartment,2 B/R,Off-Plan Properties,Al Wasl,2233.239966555184,2560,13.97557604712052,13.97557604712052,38.610102161892996,85.31931947997148,13.16425742064921,43.67268819287848
Villa,5 B/R,Existing Properties,Hadaeq Sheikh Mohammed Bin Rashid,1118.29988851728,489,11.506606214563387,11.506606214563387,37.42711585837258,93.97591725851665,2.5104172025309945,43.66570496141022
Apartment,PENTHOUSE,Off-Plan Properties,Al Barsha South Fourth,675.1077666295057,13,,,36.05374514480537,97.41694159101175,0.06173157055404085,43.65892684933648
Apartment,2 B/R,Existing Properties,Dubai Investment Park First,683.8854050538833,32,,,36.05374514480537,97.34879040801809,0.1594732239312722,43.65802982511383
Apartment,1 B/R,Existing Properties,Saih Shuaib 2,702.01458565589,70,,,36.05374514480537,97.20803214879186,0.35495653068573485,43.65489900869685
Apartment,4 B/R,Existing Properties,Al Hebiah Fourth,677.9031958379785,10,,,36.05374514480537,97.39523736963447,0.046298677915530634,43.6493290043956
Villa,3 B/R,Off-Plan Properties,Wadi Al Safa 2,679.9605165366036,8,,,36.05374514480537,97.37926395712533,0.036010082823190494,43.64247926162439
Apartment,Studio,Existing Properties,Marsa Dubai,1736.6806020066892,1986,10.843390124353158,10.843390124353158,37.109341400115845,89.1746968018011,10.21143062914759,43.63843172641619
Apartment,Studio,Existing Properties,Madinat Al Mataar,841.5022296544037,712,6.72749244041797,6.72749244041797,35.13724335234673,96.12502468233052,3.65759555532692,43.62392385670323
Apartment,2 B/R,Off-Plan Properties,Dubai Investment Park Second,737.4930323299889,112,,,36.05374514480537,96.93257102875954,0.5710170276248778,43.61547277207499
Apartment,1 B/R,Off-Plan Properties,Me'Aisem First,1053.7074972129321,2410,0.1390790841401701,0.1390790841401701,31.980460041497047,94.47742434583935,12.3926127887237,43.61393387809537
Apartment,4 B/R,Existing Properties,Wadi Al Safa 2,690.3641768859161,2,,,36.05374514480537,97.29848804383401,0.005144297546170071,43.61207333058159
Apartment,1 B/R,Off-Plan Properties,Warsan Fourth,782.0921590486809,208,,,36.05374514480537,96.58629528813184,1.0648695920572047,43.61036056277314
Apartment,1 B/R,Existing Properties,Madinat Dubai Almelaheyah,1600.1551467855816,105,19.090346983191942,19.090346983191942,41.06080199760144,90.23470529522773,0.5350069448016873,43.601733776569226
Villa,2 B/R,Off-Plan Properties,Al Barsha South Fourth,699.2632850241546,11,,,36.05374514480537,97.22939374786425,0.05144297546170071,43.60060477737376
Apartment,4 B/R,Off-Plan Properties,Wadi Al Safa 3,715.715347454478,26,,,36.05374514480537,97.10165693949921,0.12860743865425175,43.57771662750276
Apartment,Studio,Off-Plan Properties,Palm Jumeirah,2004.8332404310665,812,20.074337135551488,20.074337135551488,41.53227267241106,87.09271089079095,4.172025309943927,43.575127398190496
Apartment,2 B/R,Existing Properties,Wadi Al Safa 7,727.1655518394649,49,,,36.05374514480537,97.01275546775608,0.2469262822161634,43.5747099546922
Apartment,PENTHOUSE,Off-Plan Properties,Burj Khalifa,708.8294314381271,1,,,36.05374514480537,97.15512044526473,0.0,43.56803419150157
Villa,3 B/R,Existing Properties,Al Yufrah 1,1055.4364083983648,214,11.701696488135372,11.701696488135372,37.52059173585897,94.46400076458872,1.095735377334225,43.566583999187046
Apartment,1 B/R,Off-Plan Properties,Al Barsha South Fifth,1232.669082125604,2413,2.0031030720250254,2.0031030720250254,32.87359158892364,93.08793401455063,12.40804568136221,43.557425976207085
Apartment,4 B/R,Off-Plan Properties,Al Goze Fourth,729.2084726867336,27,,,36.05374514480537,96.99689385831486,0.13375173620042183,43.54731656265669
Villa,3 B/R,Existing Properties,Dubai Investment Park First,913.6752136752136,435,,,36.05374514480537,95.56466049285316,2.232625135037811,43.537421232785654
Villa,2 B/R,Off-Plan Properties,Saih Shuaib 2,744.93961352657,39,,,36.05374514480537,96.87475441644659,0.19548330675446268,43.52302104420701
Apartment,PENTHOUSE,Off-Plan Properties,Palm Jumeirah,785.739966555184,101,,,36.05374514480537,96.55797304644426,0.514429754617007,43.49177592277883
Apartment,3 B/R,Off-Plan Properties,Dubai Investment Park Second,747.4930323299889,10,,,36.05374514480537,96.85492920792035,0.046298677915530634,43.48723655588136
Apartment,3 B/R,Off-Plan Properties,Al Goze Fourth,759.1480862133037,29,,,36.05374514480537,96.7644372473724,0.14404033129276198,43.479637298392426
Villa,1 B/R,Off-Plan Properties,Wadi Al Safa 3,757.9050538833148,3,,,36.05374514480537,96.77408837671864,0.010288595092340142,43.455782289956204
Apartment,3 B/R,Existing Properties,Wadi Al Safa 2,594.4031029357117,377,4.589362563262833,4.589362563262833,34.11277625417946,98.04354729495182,1.9342558773599465,43.44502586562932
Apartment,1 B/R,Off-Plan Properties,Dubai Investment Park Second,787.493496841323,42,,,36.05374514480537,96.54435831801301,0.2109161993929729,43.42698879320465
Apartment,2 B/R,Existing Properties,Al Jadaf,984.3320327015981,718,7.368022904282934,7.368022904282934,35.44414818194322,95.0160680844618,3.6884613406039404,43.420171966236616
Apartment,Studio,Off-Plan Properties,Al Hebiah Third,1406.1055369751025,1431,,,36.05374514480537,91.74134179910972,7.356345491023201,43.4151696958597
Apartment,4 B/R,Off-Plan Properties,Al Barsha South Fourth,793.8547473058344,44,,,36.05374514480537,96.49496841112513,0.22120479448531302,43.41422954015675
Apartment,Studio,Off-Plan Properties,Warsan Fourth,851.0151895206243,171,,,36.05374514480537,96.05116432977216,0.8745305828489119,43.41175347342357
Apartment,2 B/R,Off-Plan Properties,Warsan Fourth,809.9238201412115,51,,,36.05374514480537,96.3702052037115,0.2572148773085035,43.384002594497304
Apartment,2 B/R,Off-Plan Properties,Al Barshaa South Third,1025.1597918989223,1620,2.800255097234694,2.800255097234694,33.25554033338031,94.69907392797538,8.328617727249345,43.37766185719461
Apartment,Studio,Existing Properties,Mirdif,1036.1875232255668,120,10.980157199862962,10.980157199862962,37.17487220367899,94.61345261398277,0.6121714079942384,43.37641894726528
Apartment,5 B/R,Existing Properties,Nadd Hessa,796.1882199925678,2,,,36.05374514480537,96.47685090429748,0.005144297546170071,43.36558218872062
Apartment,Studio,Off-Plan Properties,Al Hebiah Fifth,896.1849684132294,227,,,36.05374514480537,95.70045794175962,1.162611245434436,43.36415768953692
Apartment,1 B/R,Existing Properties,Wadi Al Safa 7,839.7064288368637,93,,,36.05374514480537,96.13896760686436,0.4732753742476465,43.35784341483098
Apartment,2 B/R,Off-Plan Properties,Wadi Al Safa 5,944.9280007432183,2045,-0.5719419274573756,-0.5719419274573756,31.6397802538611,95.32200816342723,10.514944184371624,43.35550338744694
Apartment,2 B/R,Off-Plan Properties,Al Kifaf,1498.3200947603123,754,13.07196872724814,13.07196872724814,38.17714625085917,91.02537118167729,3.873656052266063,43.35320106530006
Apartment,5 B/R,Existing Properties,Al Thanyah Fifth,881.2135358602751,48,9.294648551224215,9.294648551224215,36.36727479219514,95.81669887015786,0.24178198466999332,43.34027597485941
Apartment,2 B/R,Off-Plan Properties,Saih Shuaib 2,821.0925306577481,14,,,36.05374514480537,96.28348930161853,0.06687586810021091,43.319920022027745
Apartment,3 B/R,Off-Plan Properties,Me'Aisem First,889.6502229654404,167,,,36.05374514480537,95.75119489528831,0.8539533926642316,43.31764720504149
Apartment,2 B/R,Off-Plan Properties,Wadi Al Safa 7,819.7707636566333,96,8.139260118353487,8.139260118353487,35.81368006077779,96.2937517412877,0.4887082668861567,43.31133920007466
Apartment,2 B/R,Off-Plan Properties,Hessyan First,845.2573392790785,50,,,36.05374514480537,96.09586932745947,0.25207057976233344,43.30067297211245
Apartment,5 B/R,Off-Plan Properties,Jabal Ali First,827.1915644741732,1,,,36.05374514480537,96.23613529253183,0.0,43.292338645681696
Villa,2 B/R,Existing Properties,Saih Shuaib 2,619.3515421776292,24,5.884766729828228,5.884766729828228,34.733458356634706,97.84984306996799,0.11831884356191162,43.27200003235666
Apartment,4 B/R,Existing Properties,Madinat Al Mataar,839.2154403567447,3,,,36.05374514480537,96.1427797308251,0.010288595092340142,43.26638969618814
Apartment,4 B/R,Off-Plan Properties,Jabal Ali First,840.6112969156449,5,,,36.05374514480537,96.13194204633876,0.020577190184680284,43.26519610986071
Apartment,4 B/R,Off-Plan Properties,Me'Aisem First,847.5947603121517,12,,,36.05374514480537,96.0777211649519,0.056587273007870774,43.25613186200929
Apartment,2 B/R,Off-Plan Properties,Madinat Hind 4,1034.2818654775178,422,,,36.05374514480537,94.62824848772826,2.1657492669375995,43.24312245762815
Apartment,Studio,Existing Properties,Wadi Al Safa 7,890.8723522853959,89,,,36.05374514480537,95.74170606071809,0.4526981840629662,43.23454951295017
Apartment,1 B/R,Off-Plan Properties,Saih Shuaib 2,856.6322928279451,11,,,36.05374514480537,96.00755211690995,0.05144297546170071,43.234052288087476
Villa,1 B/R,Existing Properties,Wadi Al Safa 3,857.4284652545523,4,,,36.05374514480537,96.00137048921957,0.015432892638510212,43.22499578321572
Apartment,PENTHOUSE,Off-Plan Properties,Al Thanyah Fifth,858.6157562244518,5,,,36.05374514480537,95.99215214594268,0.020577190184680284,43.223259139741884
Apartment,2 B/R,Off-Plan Properties,Al Thanyah First,960.0157933853588,226,,,36.05374514480537,95.20486379410924,1.1574669478882658,43.21445058573257
Apartment,3 B/R,Off-Plan Properties,Al Hebiah First,945.2647714604236,28,9.4603814359288,9.4603814359288,36.446684321652775,95.31939341425831,0.1388960337465919,43.20227095968792
Apartment,Studio,Off-Plan Properties,Jabal Ali Industrial Second,1307.9415180230399,633,10.608020447775887,10.608020447775887,36.99656598261851,92.50350511634281,3.2511960491794847,43.199917137786144
Villa,5 B/R,Off-Plan Properties,Hadaeq Sheikh Mohammed Bin Rashid,1003.3999907097734,310,,,36.05374514480537,94.86802098651782,1.5895879417665517,43.199821942230805
Apartment,1 B/R,Existing Properties,Zaabeel Second,2150.204384986994,305,22.559098825805734,22.559098825805734,42.7228255128395,85.96402285471102,1.5638664540357015,43.19111035235625
Apartment,4 B/R,Existing Properties,Jabal Ali First,870.758082497213,1,,,36.05374514480537,95.8978769138386,0.0,43.19086113207373
Villa,2 B/R,Off-Plan Properties,Dubai Investment Park First,895.7000185804534,54,,,36.05374514480537,95.70422318056286,0.27264776994701373,43.18729456608041
Apartment,3 B/R,Off-Plan Properties,Marsa Dubai,2088.3865198810854,4130,1.2296276794633745,1.2296276794633745,32.50298730553195,86.44398801543242,21.24080456813622,43.182552240469754
Apartment,1 B/R,Off-Plan Properties,Al Hebiah First,1166.3257153474544,1473,4.248271759235278,4.248271759235278,33.94934544020169,93.60303599427641,7.572405987962344,43.17513017195606
Apartment,2 B/R,Existing Properties,Saih Shuaib 2,899.0979189892234,27,,,36.05374514480537,95.67784126308615,0.13375173620042183,43.151600784088075
Apartment,2 B/R,Existing Properties,Nad Al Shiba First,906.7735042735044,1092,3.007121473848451,3.007121473848451,33.35465863242389,95.61824662133833,5.612428622871547,43.14982316394536
Villa,1 B/R,Off-Plan Properties,Dubai Investment Park First,911.5760869565216,52,,,36.05374514480537,95.58095849491431,0.2623591748546736,43.14825744136738
Apartment,3 B/R,Off-Plan Properties,Hessyan First,905.8881456707544,30,,,36.05374514480537,95.62512070673965,0.14918462883893205,43.13887119571183
Apartment,3 B/R,Off-Plan Properties,Burj Khalifa,2321.5979189892237,2807,10.925442464916513,10.925442464916513,37.14865609476228,84.63329224871133,14.434898914553218,43.136429895428954
Villa,4 B/R,Off-Plan Properties,Al Barsha South Fourth,985.9234485321442,208,,,36.05374514480537,95.00371204218222,1.0648695920572047,43.135585588988256
Apartment,4 B/R,Off-Plan Properties,Al Warsan First,905.6521739130436,1,,,36.05374514480537,95.62695283443318,0.0,43.109583908252105
Apartment,1 B/R,Existing Properties,Al Thanyah Third,1330.1902173913045,1227,6.945317677301355,6.945317677301355,35.2416124978892,92.33076216331723,6.306908791604506,43.057255406471754
Villa,3 B/R,Off-Plan Properties,Jabal Ali First,962.535767372724,70,,,36.05374514480537,95.1852982572246,0.35495653068573485,43.048078841226676
Apartment,Studio,Existing Properties,Al Hebiah First,943.3101077666296,14,,,36.05374514480537,95.33456977908976,0.06687586810021091,43.03524416526912
Villa,3 B/R,Off-Plan Properties,Al Barsha South Fourth,653.9483463396508,470,2.568978814224465,2.568978814224465,33.14472623127083,97.58122718293237,2.412675549153763,43.01479375721879
Apartment,Studio,Off-Plan Properties,Al Thanyah First,1007.5436640654034,138,,,36.05374514480537,94.83584875208842,0.7047687638252996,43.01320643631373
Apartment,3 B/R,Off-Plan Properties,Jabal Ali Industrial Second,956.7001114827202,22,,,36.05374514480537,95.23060735213369,0.10803024846957147,43.01228631325617
Villa,1 B/R,Off-Plan Properties,Saih Shuaib 2,962.0220178372352,6,,,36.05374514480537,95.18928710216366,0.025721487730850354,42.98342848611741
Apartment,2 B/R,Off-Plan Properties,Al Jadaf,1456.224684132293,1012,9.228437301410409,9.228437301410409,36.335550224063184,91.35220761469056,5.200884819177941,42.980059337868035
Apartment,1 B/R,Off-Plan Properties,Al Barshaa South Second,1214.404496469714,1491,3.6849053500409568,3.6849053500409568,33.67941312383551,93.22974358327029,7.665003343793405,42.973688993273974
Apartment,6 B/R,Off-Plan Properties,Al Jadaf,966.6829245633594,2,,,36.05374514480537,95.15309897366588,0.005144297546170071,42.968456609531145
Apartment,2 B/R,Existing Properties,Al Kifaf,1522.851170568562,1282,8.5016263359188,8.5016263359188,35.98730481171057,90.8349074423876,6.58984515664386,42.96336318872928
Villa,3 B/R,Off-Plan Properties,Al Barsha South Fifth,972.47491638796,3,,,36.05374514480537,95.1081288945111,0.010288595092340142,42.955994445293946
Apartment,5 B/R,Existing Properties,Al Safouh First,971.7010405053884,1,,,36.05374514480537,95.11413740777374,0.0,42.95573928025427
Apartment,Studio,Off-Plan Properties,Madinat Hind 4,1082.104236343367,245,,,36.05374514480537,94.25694689264111,1.2552086012654973,42.94962384596758
Apartment,Studio,Off-Plan Properties,Saih Shuaib 2,997.0431531029358,27,,,36.05374514480537,94.9173766311752,0.13375173620042183,42.92346139451479
Apartment,1 B/R,Off-Plan Properties,Al Kifaf,1824.8861947231514,190,17.760331488708523,17.760331488708523,40.423536166040314,88.4898525191305,0.9722722362261433,42.910824669400505
Villa,5 B/R,Existing Properties,Wadi Al Safa 5,995.333054626533,4,,,36.05374514480537,94.93065414712743,0.015432892638510212,42.90378088058807
Apartment,4 B/R,Off-Plan Properties,Mirdif,999.9907097733184,5,,,36.05374514480537,94.89449126448369,0.020577190184680284,42.89396087530419
Apartment,1 B/R,Off-Plan Properties,Hessyan First,1043.9397528799705,96,,,36.05374514480537,94.55326289138964,0.4887082668861567,42.88521857871627
Apartment,4 B/R,Off-Plan Properties,Al Yelayiss 2,1003.0207172054999,3,,,36.05374514480537,94.8709657350646,0.010288595092340142,42.88484549745999
Apartment,3 B/R,Existing Properties,Business Bay,1267.8158677071722,1069,5.978044621547807,5.978044621547807,34.77815168049409,92.81504797163088,5.494109779309635,42.85459701954883
Villa,3 B/R,Off-Plan Properties,Wadi Al Safa 3,1121.5765514678558,220,,,36.05374514480537,93.95047665074074,1.1266011626112455,42.83196128566662
Apartment,3 B/R,Off-Plan Properties,Mirdif,1049.4086770717204,41,,,36.05374514480537,94.51080116816173,0.20577190184680283,42.81589278874003
Apartment,Studio,Off-Plan Properties,Al Barsha South Fifth,1305.2108881456709,2265,-0.2006722988551423,-0.2006722988551423,31.817670999935817,92.52470622391449,11.64668964452904,42.813818196054484
Apartment,2 B/R,Off-Plan Properties,Al Hebiah First,1041.783723522854,115,8.046530396426753,8.046530396426753,35.769249387902796,94.57000269589656,0.586449920263388,42.79599054798276
Apartment,3 B/R,Off-Plan Properties,Nad Al Shiba First,1068.2051282051282,53,,,36.05374514480537,94.36486209903047,0.26750347240084366,42.78445738211146
Villa,4 B/R,Off-Plan Properties,Dubai Investment Park Second,1615.9420289855075,1273,,,36.05374514480537,90.11213306729012,6.54354647872833,42.76384727385485
Apartment,1 B/R,Off-Plan Properties,Al Thanyah First,1100.0222965440357,91,,,36.05374514480537,94.11782781065249,0.46298677915530634,42.749443756948956
Apartment,4 B/R,Existing Properties,Jabal Ali Industrial Second,1063.730258268302,3,,,36.05374514480537,94.39960580402185,0.010288595092340142,42.74343751814717
Apartment,5 B/R,Off-Plan Properties,Al Thanyah Fifth,1071.3879598662209,20,,,36.05374514480537,94.34015001447128,0.09774165337723134,42.74309139293898
Apartment,2 B/R,Off-Plan Properties,Wadi Al Safa 3,817.1609067261242,817,1.1345729287275952,1.1345729287275952,32.45744261449435,96.31401514570915,4.197746797674777,42.71673094904544
Apartment,PENTHOUSE,Existing Properties,Al Thanyah First,1080.0032515793387,10,,,36.05374514480537,94.27325932090456,0.046298677915530634,42.71273558977662
Apartment,Studio,Off-Plan Properties,Hessyan First,1095.6096711259756,44,,,36.05374514480537,94.15208823786644,0.22120479448531302,42.71136548817914
Apartment,2 B/R,Existing Properties,Al Merkadh,1583.857766629506,1374,7.382211569026353,7.382211569026353,35.45094656231846,90.36124112225035,7.063120530891506,42.70137506778079
Apartment,PENTHOUSE,Off-Plan Properties,Marsa Dubai,1146.9809085841694,125,,,36.05374514480537,93.75323259636478,0.6378928957250888,42.675046415976595
Apartment,PENTHOUSE,Existing Properties,Business Bay,851.4585655890005,71,5.309645515887906,5.309645515887906,34.45789382361213,96.04772187724564,0.3601008282319049,42.66949425826492
Apartment,3 B/R,Existing Properties,Jabal Ali First,719.0085005574136,529,1.2312526303707385,1.2312526303707385,32.50376588720677,97.0760882991778,2.716189104377797,42.667570665511604
Apartment,5 B/R,Existing Properties,Al Jadaf,1524.1204477889262,10,13.757347286194488,13.757347286194488,38.50553967117097,90.82505254293373,0.046298677915530634,42.658991366931616
Apartment,3 B/R,Off-Plan Properties,Al Barsha South Fourth,917.0104050538836,632,3.0391359580485,3.0391359580485,33.36999810552053,95.53876545970446,3.2460517516333143,42.65883923044621
Apartment,3 B/R,Existing Properties,Al Safouh First,1156.2100520252695,45,9.07139167356126,9.07139167356126,36.26030312127421,93.68157584620947,0.2263490920314831,42.653863820778824
Apartment,4 B/R,Off-Plan Properties,Nad Al Shiba First,1103.7887866963954,6,,,36.05374514480537,94.08858409529228,0.025721487730850354,42.653217584055994
Apartment,3 B/R,Off-Plan Properties,Al Khairan First,1760.659606094389,2408,3.67083435087372,3.67083435087372,33.672671121939736,88.98851944787317,12.38232419363136,42.64208912186412
Apartment,2 B/R,Off-Plan Properties,Al Hebiah Sixth,1124.769602378298,34,,,36.05374514480537,93.92568522206885,0.16976181902361231,42.633155988347525
Apartment,Studio,Off-Plan Properties,Marsa Dubai,1605.735321441843,1119,,,36.05374514480537,90.19137980313644,5.751324656618139,42.62917693018671
Apartment,PENTHOUSE,Off-Plan Properties,Al Thanyah Third,1128.5507246376812,20,,,36.05374514480537,93.89632790036543,0.09774165337723134,42.60994475870723
Villa,3 B/R,Existing Properties,Al Hebiah Fourth,1624.5359531772574,417,12.509775398262036,12.509775398262036,37.90777600609101,90.04540827504998,2.1400277792067492,42.60473844079275
Apartment,2 B/R,Off-Plan Properties,Wadi Al Safa 2,694.8086213303606,646,-0.0234301780693502,-0.0234301780693502,31.90259508387221,97.26398056790549,3.3180719172796955,42.60384658737647
Apartment,3 B/R,Off-Plan Properties,Al Thanyah First,1132.9052861389819,18,,,36.05374514480537,93.86251829197371,0.0874530582848912,42.59774415717124
Apartment,4 B/R,Existing Properties,Marsa Dubai,1350.786882199926,844,6.83423852369025,6.83423852369025,35.18838984786091,92.17084590742165,4.336642831421369,42.59393827765513
Villa,3 B/R,Off-Plan Properties,Hadaeq Sheikh Mohammed Bin Rashid,1044.6035395763656,1238,0.9292262461889188,0.9292262461889188,32.35905246419226,94.54810913061394,6.363496064612377,42.58075293778356
Apartment,2 B/R,Off-Plan Properties,Mirdif,1154.0942028985507,49,,,36.05374514480537,93.69800368409142,0.2469262822161634,42.5802844195928
Apartment,Studio,Off-Plan Properties,Madinat Al Mataar,1366.468552582683,2132,0.0,0.0,31.91382145828132,92.04909056318992,10.96249807088842,42.57275536644719
Villa,2 B/R,Existing Properties,Wadi Al Safa 3,1146.2899479747307,4,,,36.05374514480537,93.75859734034928,0.015432892638510212,42.552163838554634
Villa,4 B/R,Off-Plan Properties,Wadi Al Safa 2,1393.9441657376442,118,10.956257644485422,10.956257644485422,37.16342093104737,91.83576489978748,0.6018828129018983,42.536474404935575
Apartment,3 B/R,Off-Plan Properties,Warsan Fourth,1154.1903567447048,4,,,36.05374514480537,93.6972571281218,0.015432892638510212,42.533761774886386
Apartment,1 B/R,Off-Plan Properties,Al Hebiah Sixth,1181.5712095875142,61,,,36.05374514480537,93.48466720103724,0.30865785277020424,42.528629788787356
Villa,5 B/R,Existing Properties,Wadi Al Safa 3,1193.912114455593,47,,,36.05374514480537,93.38885016856116,0.23663768712382324,42.48548064591526
Apartment,2 B/R,Off-Plan Properties,Al Hebiah Fifth,1697.245215533259,1185,,,36.05374514480537,89.48088032293055,6.0908482946653635,42.48393181373438
Apartment,2 B/R,Off-Plan Properties,Wadi Al Safa 4,1431.7686269044964,573,,,36.05374514480537,91.54208889606193,2.9425381964092803,42.47263236602258
Apartment,3 B/R,Existing Properties,Al Jadaf,1198.6278335191378,666,5.194434372733858,5.194434372733858,34.40269136525604,93.35223646709518,3.420957868203097,42.45093905987159
Apartment,1 B/R,Off-Plan Properties,Dubai Investment Park First,785.5590393905612,346,1.7892203901697767,1.7892203901697767,32.771111485741116,96.55937779789431,1.7747826534286744,42.43121446435047
Apartment,Studio,Existing Properties,Al Merkadh,1577.7002043849873,1443,5.491054671283702,5.491054671283702,34.54481450742792,90.40904955670985,7.418077061577241,42.42425608229957
Apartment,1 B/R,Off-Plan Properties,Mirdif,1219.8717948717947,42,,,36.05374514480537,93.18729448296942,0.2109161993929729,42.41986964269157
Villa,3 B/R,Existing Properties,Jumeirah First,2051.1324786324785,27,18.745298004066434,18.745298004066434,40.89547465703753,86.73323517504843,0.13375173620042183,42.40491076256963
Apartment,1 B/R,Off-Plan Properties,Al Hebiah Second,1138.6970457079155,749,3.746996953090842,3.746996953090842,33.709163797579286,93.81755001609423,3.8479345645352128,42.39851743676703
Apartment,4 B/R,Existing Properties,Al Thanyah Third,1214.9860646599775,5,,,36.05374514480537,93.22522818194687,0.020577190184680284,42.393181950543145
Villa,4 B/R,Existing Properties,Al Hebiah Fourth,1343.363062058714,270,8.747750034614876,8.747750034614876,36.10523292921523,92.22848579875628,1.383816039919749,42.38740211929692
Apartment,3 B/R,Existing Properties,Al Hebiah Sixth,1227.3936269044966,22,,,36.05374514480537,93.12889360946286,0.10803024846957147,42.381772190454924
Apartment,Studio,Off-Plan Properties,Wadi Al Safa 4,1306.4952619843923,182,,,36.05374514480537,92.51473411156684,0.9311178558567828,42.362141862563554
Apartment,Studio,Off-Plan Properties,Mirdif,1279.2753623188407,103,,,36.05374514480537,92.72607436887618,0.5247183497093472,42.34426403852687
Apartment,Studio,Off-Plan Properties,Hadaeq Sheikh Mohammed Bin Rashid,1915.9973058342623,869,12.245610406582008,12.245610406582008,37.78120355352143,87.78244926259566,4.465250270075622,42.3402662542024
Apartment,PENTHOUSE,Off-Plan Properties,Al Thanyah First,1237.9143441099964,2,,,36.05374514480537,93.04720884542594,0.005144297546170071,42.33668957105916
Apartment,Studio,Off-Plan Properties,Al Hebiah First,1223.9079338535862,195,7.377041438747023,7.377041438747023,35.448469337515135,93.15595716499878,0.9979937239569937,42.32577362929709
Apartment,4 B/R,Existing Properties,Al Merkadh,1250.162578966927,12,,,36.05374514480537,92.95211131979013,0.056587273007870774,42.31844890846076
Apartment,1 B/R,Off-Plan Properties,Bukadra,2391.2235228539575,2595,,,36.05374514480537,84.09270638260273,13.344307834765162,42.318171539656
Apartment,3 B/R,Off-Plan Properties,Al Hebiah Third,1261.5719063545152,32,,,36.05374514480537,92.86352722449786,0.1594732239312722,42.31245087005776
Apartment,2 B/R,Off-Plan Properties,Al Barsha South Fifth,1059.8634336677817,680,2.686625623683825,2.686625623683825,33.20109571882312,94.42962853430686,3.492978033849478,42.3079224545912
Apartment,2 B/R,Existing Properties,Al Wasl,1641.448810850985,971,8.160530805587474,8.160530805587474,35.82387173316376,89.91409376851175,4.989968619784968,42.30177054777602
Apartment,3 B/R,Off-Plan Properties,Wadi Al Safa 5,929.1603957636567,158,3.8056172504960015,3.8056172504960015,33.73725122417484,95.44443071951585,0.8076547147487011,42.28976064847443
Apartment,1 B/R,Off-Plan Properties,Palm Deira,2111.563545150502,632,15.563440214846102,15.563440214846102,39.37091403472367,86.2640373710771,3.2460517516333143,42.27678717553926
Villa,4 B/R,Off-Plan Properties,Palm Jumeirah,1274.981419546637,27,,,36.05374514480537,92.75941332241752,0.13375173620042183,42.27607240188748
Villa,4 B/R,Off-Plan Properties,Nad Al Shiba First,1342.9640468227426,177,,,36.05374514480537,92.23158382570263,0.9053963681259324,42.27205247925812
Villa,4 B/R,Off-Plan Properties,Jabal Ali First,1302.310479375697,83,,,36.05374514480537,92.54722552572237,0.4218323987859458,42.27003219539604
Apartment,6 B/R,Existing Properties,Palm Jumeirah,1267.3151244890375,3,,,36.05374514480537,92.81893583315376,0.010288595092340142,42.26923652688674
Apartment,3 B/R,Off-Plan Properties,Al Thanyah Third,1273.7383872166483,595,5.49233634217392,5.49233634217392,34.54542860934556,92.76906445176374,3.0557127424250217,42.26003332775235
Villa,4 B/R,Off-Plan Properties,Al Thanyah Fifth,1281.709866220736,26,,,36.05374514480537,92.70717243729786,0.12860743865425175,42.25937127684235
Apartment,2 B/R,Off-Plan Properties,Nadd Hessa,820.9192679301375,836,-1.3726808537924515,-1.3726808537924515,31.256112875645726,96.28483454498405,4.295488451052009,42.24699320396391
Apartment,1 B/R,Off-Plan Properties,Al Safouh First,1330.7334633965067,119,,,36.05374514480537,92.32654430241648,0.6070271104480683,42.24086677073671
Villa,4 B/R,Existing Properties,Al Merkadh,2362.936640654032,37,21.443264786145445,21.443264786145445,42.188182939036636,84.31233088658931,0.18519471166212254,42.20601138392387
Apartment,3 B/R,Off-Plan Properties,Nadd Hessa,856.5136101820885,155,2.495416292644625,2.495416292644625,33.10947936258339,96.00847359058258,0.7922218221101909,42.20477818663017
Villa,4 B/R,Off-Plan Properties,Wadi Al Safa 4,1296.728446674099,2,,,36.05374514480537,92.59056544401597,0.005144297546170071,42.19969655063617
Apartment,PENTHOUSE,Off-Plan Properties,Business Bay,1303.7602192493496,2,,,36.05374514480537,92.53596948136901,0.005144297546170071,42.18331776184208
Apartment,3 B/R,Off-Plan Properties,Al Hebiah Sixth,1306.4599591230028,2,,,36.05374514480537,92.51500820941075,0.005144297546170071,42.17702938025461
Apartment,5 B/R,Off-Plan Properties,Al Kifaf,1309.6599777034562,2,,,36.05374514480537,92.49016268248019,0.005144297546170071,42.16957572217544
Apartment,Studio,Off-Plan Properties,Al Thanyah Third,1335.2712746191007,21,,,36.05374514480537,92.29131190982181,0.10288595092340141,42.12946882105337
Apartment,1 B/R,Existing Properties,Madinat Hind 4,816.9439799331104,135,1.7241711217327538,1.7241711217327538,32.73994367129466,96.31569940482899,0.6893358711867894,42.128554464203916
Apartment,2 B/R,Off-Plan Properties,Madinat Dubai Almelaheyah,2160.410628019324,2490,5.348585529692329,5.348585529692329,34.47655160645827,85.88477972541527,12.804156592417305,42.11688587869135
Apartment,3 B/R,Existing Properties,Al Wasl,1625.6368450390191,608,8.938895218328069,8.938895218328069,36.19681854979869,90.03686075018055,3.122588610525233,42.11430336707869
Apartment,4 B/R,Existing Properties,Hadaeq Sheikh Mohammed Bin Rashid,1340.5481233742105,15,,,36.05374514480537,92.25034149525784,0.07202016564638099,42.11100453962877
Apartment,1 B/R,Existing Properties,Al Hebiah First,927.0940170940172,113,2.9042119481218265,2.9042119481218265,33.30535039145997,95.46047445976126,0.5761613251710479,42.07551475954657
Apartment,4 B/R,Off-Plan Properties,Al Kifaf,1365.79988851728,17,,,36.05374514480537,92.05428219274668,0.08230876073872113,42.054244467893895
Apartment,3 B/R,Off-Plan Properties,Hadaeq Sheikh Mohammed Bin Rashid,1879.3385358602752,1832,5.0413152759340445,5.0413152759340445,34.32932562707122,88.06707462764619,9.4192088070374,42.03569440052983
Apartment,Studio,Existing Properties,Palm Jumeirah,2007.5141675956893,556,13.355599982271205,13.355599982271205,38.31304580115666,87.07189568413109,2.855085138124389,42.01780405332687
Apartment,1 B/R,Existing Properties,Al Wasl,1622.4948903753252,533,8.793515601425517,8.793515601425517,36.127161118857686,90.06125545828888,2.7367662945624773,42.01659434394223
Apartment,3 B/R,Existing Properties,Al Khairan First,1890.612225938313,1481,6.899662087501679,6.899662087501679,35.219737002814306,87.97954364512263,7.613560368331704,42.004469968328856
Villa,5 B/R,Off-Plan Properties,Dubai Investment Park Second,1534.5113340765515,350,,,36.05374514480537,90.7443758097833,1.7953598436133547,42.00388276957981
Apartment,4 B/R,Off-Plan Properties,Al Barsha South Fifth,1388.3848940914158,2,,,36.05374514480537,91.87892809710277,0.005144297546170071,41.986205346562215
Apartment,2 B/R,Off-Plan Properties,Al Warsan First,759.234717577109,541,-1.9049727506341707,-1.9049727506341707,31.001069652705052,96.76376462568965,2.777920674931838,41.98514138377528
Apartment,Studio,Off-Plan Properties,Nad Al Shiba First,1395.4261891490153,3,,,36.05374514480537,91.82425820016897,0.010288595092340142,41.970833236991304
Villa,2 B/R,Off-Plan Properties,Wadi Al Safa 3,1234.2848848011895,16,6.600333789608359,6.600333789608359,35.076316345342306,93.0753886283657,0.07716446319255106,41.96857601928514
Apartment,1 B/R,Off-Plan Properties,Al Thanyah Third,1420.5416202155332,706,5.131985795633454,5.131985795633454,34.37276965037319,91.6292574202524,3.6267297700498995,41.96323104023498
Villa,4 B/R,Off-Plan Properties,Jumeirah First,1437.1567261241175,86,,,36.05374514480537,91.50025471263456,0.43726529142445597,41.95902752999741
Apartment,8 B/R,Existing Properties,Al Jadaf,1400.0000000000002,1,,,36.05374514480537,91.78874629990452,0.0,41.9581219478935
Apartment,3 B/R,Off-Plan Properties,Wadi Al Safa 7,720.6753994797473,19,0.0841116195844593,0.0841116195844593,31.954122839295877,97.06314619242931,0.09259735583106127,41.91911246461336
Villa,4 B/R,Off-Plan Properties,Me'Aisem First,1423.6259754738016,11,,,36.05374514480537,91.60530992441572,0.05144297546170071,41.91337963033921
Apartment,9 B/R,Existing Properties,Palm Jumeirah,1422.0234113712374,1,,,36.05374514480537,91.61775252390918,0.0,41.9068238150949
Apartment,1 B/R,Off-Plan Properties,Nad Al Shiba First,1265.6196581196582,663,3.183360939330848,3.183360939330848,33.43910230243403,92.83209974276278,3.4055249755645867,41.906375838915366
Apartment,Studio,Off-Plan Properties,Al Hebiah Second,1245.7738758825717,1107,0.5265358812955423,0.5265358812955423,32.16610673437947,92.98618600964933,5.6895930860640975,41.900217113859405
Apartment,Studio,Off-Plan Properties,Al Safouh First,1462.402452619844,83,,,36.05374514480537,91.30424229528091,0.4218323987859458,41.89713722626361
Villa,5 B/R,Off-Plan Properties,Al Yufrah 1,1009.3232069862506,201,2.48358521601304,2.48358521601304,33.10381060088914,94.82203205682481,1.028859509234014,41.893905759249904
Apartment,3 B/R,Off-Plan Properties,Dubai Investment Park First,638.4220549981419,34,-1.1375979168614991,-1.1375979168614991,31.368750904232996,97.70177613599581,0.16976181902361231,41.89198556629666
Apartment,3 B/R,Off-Plan Properties,Al Merkadh,1452.7201783723524,1308,1.913204543054392,1.913204543054392,32.83051745854078,91.37941723552488,6.723596892844282,41.89075153264263
Villa,5 B/R,Off-Plan Properties,World Islands,1476.7586399108138,13,,,36.05374514480537,91.19277824312299,0.06173157055404085,41.791677844969854
Apartment,4 B/R,Off-Plan Properties,Al Thanyah Fifth,935.1467855815683,30,1.9172339183556764,1.9172339183556764,32.83244810011052,95.39795129894428,0.14918462883893205,41.782201555495284
Apartment,Studio,Existing Properties,Al Jadaf,1308.6789297658866,552,3.486947480245361,3.486947480245361,33.58456326153495,92.49777971730053,2.834507947939709,41.75006080939208
Apartment,PENTHOUSE,Existing Properties,Al Hebiah Fourth,1501.6471571906357,4,,,36.05374514480537,90.99953926316368,0.015432892638510212,41.72444641539895
Apartment,3 B/R,Existing Properties,Al Barshaa South Second,912.1465068747677,7,1.4279794106725865,1.4279794106725865,32.598025883243956,95.57652965080476,0.030865785277020424,41.71834240559442
Apartment,1 B/R,Off-Plan Properties,Um Suqaim Third,2075.5834262356007,1477,7.65765542915986,7.65765542915986,35.58292319063929,86.54339356573344,7.592983178147024,41.71478398160516
Villa,5 B/R,Existing Properties,Island 2,2776.2207357859534,13,23.91375741411568,23.91375741411568,43.3718988772788,81.10351791959737,0.06173157055404085,41.692161240901534
Apartment,3 B/R,Off-Plan Properties,Jabal Ali First,939.5169082125605,700,-2.212423831559596,-2.212423831559596,30.853757031489014,95.3640208711082,3.5958639847728793,41.66988187088264
Apartment,4 B/R,Off-Plan Properties,Hadaeq Sheikh Mohammed Bin Rashid,1535.94574507618,6,,,36.05374514480537,90.73323878159903,0.025721487730850354,41.64661398994802
Apartment,6 B/R,Off-Plan Properties,Al Khairan First,1543.3881456707545,4,,,36.05374514480537,90.67545462824127,0.015432892638510212,41.62722102492223
Apartment,3 B/R,Off-Plan Properties,Wadi Al Safa 4,1626.6808342623563,188,,,36.05374514480537,90.02875502775692,0.9619836411338032,41.62252129447598
Apartment,1 B/R,Off-Plan Properties,Wadi Al Safa 4,1793.2775919732444,564,,,36.05374514480537,88.73526746629904,2.8962395184937497,41.621326201510605
Villa,5 B/R,Off-Plan Properties,Palm Jumeirah,1547.597547380156,4,,,36.05374514480537,90.64277206690512,0.015432892638510212,41.61741625652139
Apartment,6 B/R,Existing Properties,Al Jadaf,1554.1731698253438,9,,,36.05374514480537,90.59171773692557,0.04115438036936057,41.607244255073695
Apartment,2 B/R,Off-Plan Properties,Me'Aisem First,973.1154775176515,1055,-4.039376054463806,-4.039376054463806,29.97838811106626,95.1031554612643,5.422089613663254,41.60671980553844
Apartment,2 B/R,Off-Plan Properties,Al Barshaa South Second,1119.7830732069865,590,0.1887904933616013,0.1887904933616013,32.00427884862145,93.96440154252168,3.0299912546941714,41.59703025314392
Apartment,1 B/R,Off-Plan Properties,Madinat Dubai Almelaheyah,2176.244425863991,3000,0.0582736813680817,0.0582736813680817,31.94174280669356,85.7618432358693,15.427748340964042,41.59079976163103
Apartment,6 B/R,Existing Properties,Marsa Dubai,1563.081568190264,7,,,36.05374514480537,90.52255130994425,0.030865785277020424,41.58443660796083
Apartment,Studio,Existing Properties,Jabal Ali Industrial Second,1123.3965068747675,202,2.233712780818897,2.233712780818897,32.984086307556716,93.93634618557687,1.0340038067801842,41.58133914005178
Apartment,2 B/R,Existing Properties,Mirdif,1057.232905982906,352,0.5373123541535962,0.5373123541535962,32.17127019147126,94.45005243022902,1.8056484387056948,41.56465349339835
Apartment,2 B/R,Existing Properties,Zaabeel Second,2154.7152545522113,556,12.59646079364516,12.59646079364516,37.949310590313644,85.92899964204986,2.855085138124389,41.529441156365294
Apartment,3 B/R,Existing Properties,Al Merkadh,1457.2507896692678,312,5.3503793601032745,5.3503793601032745,34.47741110533874,91.34424074446417,1.5998765368588919,41.514211972846525
Apartment,2 B/R,Off-Plan Properties,Palm Jumeirah,2291.538461538461,2942,1.3584079401982585,1.3584079401982585,32.564691293407485,84.86667934970288,15.129379083286178,41.51175613893109
Apartment,4 B/R,Existing Properties,Mirdif,1132.821441843181,66,2.612778394176396,2.612778394176396,33.165712434706705,93.86316927435301,0.33437934050105456,41.492111624288796
Apartment,Studio,Off-Plan Properties,Dubai Investment Park First,1036.680602006689,84,1.2635733316127329,1.2635733316127329,32.519252081645135,94.60962426054442,0.4269766963321158,41.47598345008781
Villa,3 B/R,Off-Plan Properties,Jumeirah First,1636.2820512820515,67,,,36.05374514480537,89.95420943058878,0.33952363804722463,41.47566561470823
Villa,4 B/R,Off-Plan Properties,Island 2,1623.7235228539575,19,,,36.05374514480537,90.05171613201057,0.09259735583106127,41.455532368691536
Apartment,1 B/R,Off-Plan Properties,Zaabeel Second,1805.9485321441844,909,6.060721329339636,6.060721329339636,34.817765535490686,88.63688797963742,4.671022171922424,41.45237704247198
Apartment,2 B/R,Off-Plan Properties,Zaabeel Second,1847.4914065403195,1205,4.936296101909843,4.936296101909843,34.27900656572045,88.31434153853644,6.1937342455887645,41.444651936966864
Apartment,3 B/R,Off-Plan Properties,Al Yelayiss 2,922.9106280193237,693,-3.6086670593300174,-3.6086670593300174,30.18475873387723,95.49295505426507,3.5598539019496886,41.433760790220354
Villa,3 B/R,Existing Properties,Al Hebiah First,1231.5198810850986,210,2.733949660978463,2.733949660978463,33.2237706366,93.09685662068014,1.0751581871495448,41.43359687827395
Villa,5 B/R,Existing Properties,Al Hebiah First,1165.769230769231,41,2.612298668275992,2.612298668275992,33.16548257804254,93.60735664186862,0.20577190184680283,41.38955440414696
Apartment,2 B/R,Off-Plan Properties,Jumeirah First,2114.082125603865,750,10.26833162313585,10.26833162313585,36.83380691537146,86.24448265384419,3.8530788620813827,41.37748333471812
Apartment,2 B/R,Off-Plan Properties,Bukadra,2309.9953548866592,1487,,,36.05374514480537,84.72337666904399,7.644426153608725,41.36739628935709
Apartment,1 B/R,Existing Properties,Al Hebiah Sixth,1150.2461910070606,50,2.2291634155625184,2.2291634155625184,32.981906517136835,93.72788034907803,0.25207057976233344,41.361540827530604
Villa,4 B/R,Existing Properties,Me'Aisem First,1528.355165366035,269,5.543855385903074,5.543855385903074,34.570113529468266,90.79217342459108,1.3786717423735788,41.34143178763935
Apartment,1 B/R,Off-Plan Properties,Ras Al Khor Industrial First,2274.9777034559647,1296,,,36.05374514480537,84.9952600909031,6.661865322290241,41.25244914965113
Apartment,4 B/R,Existing Properties,Al Khairan First,1795.7720178372354,151,8.93492775939455,8.93492775939455,36.19491757494017,88.71590028969618,0.7716446319255106,41.247066043270024
Apartment,Studio,Existing Properties,Saih Shuaib 2,999.9900130063174,11,4.6451608115560816e-05,4.6451608115560816e-05,31.913843715181926,94.89449667430955,0.05144297546170071,41.244175083457975
Apartment,2 B/R,Off-Plan Properties,Ras Al Khor Industrial First,2129.975845410628,955,,,36.05374514480537,86.12108091927368,4.907659859046247,41.2393543055135
Apartment,2 B/R,Off-Plan Properties,Dubai Investment Park First,908.3342623560015,125,-1.8194647945303846,-1.8194647945303846,31.04204007671709,95.60612861139688,0.6378928957250888,41.22623319325092
Apartment,3 B/R,Off-Plan Properties,Business Bay,1976.043292456336,1237,4.932777960384394,4.932777960384394,34.2773208775506,87.31624128905331,6.358351767066207,41.17747109114948
Apartment,6 B/R,Off-Plan Properties,Palm Jumeirah,1742.5812894834635,6,,,36.05374514480537,89.12888278981113,0.025721487730850354,41.16530719241165
Apartment,Studio,Off-Plan Properties,Al Yelayiss 2,1332.8509383128949,358,1.7582346984887476,1.7582346984887476,32.756264949999604,92.31010384160751,1.8365142239827152,41.16283997727864
Apartment,5 B/R,Off-Plan Properties,Al Merkadh,1764.0760869565215,7,,,36.05374514480537,88.96199326837335,0.030865785277020424,41.11626919548956
Apartment,4 B/R,Off-Plan Properties,Jabal Ali Industrial Second,1764.7408026755852,1,,,36.05374514480537,88.9568322944965,0.0,41.10854774627109
Villa,3 B/R,Existing Properties,Me'Aisem First,1305.824507617986,204,1.8975037975322628,1.8975037975322628,32.822994577271515,92.51994197060121,1.0442924018725244,41.094038902463474
Apartment,3 B/R,Existing Properties,Hessyan First,578.4954477889261,25,-5.994368942552386,-5.994368942552386,29.041669573807617,98.16705722603966,0.1234631411080817,41.09147762555656
Apartment,1 B/R,Off-Plan Properties,Al Satwa,1834.4611668524717,136,,,36.05374514480537,88.41551069207,0.6944801687329595,41.08504729928974
Villa,2 B/R,Existing Properties,Hadaeq Sheikh Mohammed Bin Rashid,1821.273225566704,94,,,36.05374514480537,88.51790426952473,0.47841967179381656,41.072553273138325
Apartment,2 B/R,Existing Properties,Jabal Ali Industrial Second,788.1085098476404,167,-4.45733217866745,-4.45733217866745,29.778127919999726,96.53958324504798,0.8539533926642316,41.04391682004713
Villa,5 B/R,Off-Plan Properties,Jumeirah First,1823.452712746191,68,,,36.05374514480537,88.50098233421363,0.3446679355933947,41.04072634530492
Apartment,2 B/R,Off-Plan Properties,Nad Al Shiba First,1170.7989594946118,465,-1.4255201002629003,-1.4255201002629003,31.230795391390302,93.56830491221206,2.3869540614229128,41.04020044250432
Apartment,2 B/R,Off-Plan Properties,Al Satwa,1816.2386194723153,25,,,36.05374514480537,88.55699386796238,0.1234631411080817,41.013288846532475
Apartment,4 B/R,Existing Properties,Zaabeel Second,2653.3730490523967,30,18.541230077923636,18.541230077923636,40.79769721219743,82.05732972798495,0.14918462883893205,40.966114729042246
Apartment,Studio,Off-Plan Properties,Al Satwa,1885.7478632478635,105,,,36.05374514480537,88.01731144277352,0.5350069448016873,40.933692879714535
Villa,7 B/R,Off-Plan Properties,Madinat Al Mataar,1855.4280471943516,7,,,36.05374514480537,88.2527200153639,0.030865785277020424,40.90348721958673
Apartment,2 B/R,Off-Plan Properties,Um Suqaim Third,2080.9615384615386,1124,5.322012862335335,5.322012862335335,34.463819534516034,86.50163692314351,5.777046144348989,40.89142811961926
Villa,6 B/R,Off-Plan Properties,Madinat Al Mataar,1829.0133779264213,23,7.999980251432182,7.999980251432182,35.746945274167054,88.45780831724662,0.11317454601574155,40.858755514043956
Apartment,2 B/R,Off-Plan Properties,Al Hebiah Third,1204.9054719435153,599,-2.9050167403306126,-2.9050167403306126,30.521906915627977,93.30349573931132,3.076289932609702,40.81506947456653
Apartment,Studio,Off-Plan Properties,Burj Khalifa,2374.9879227053143,803,10.059756193002677,10.059756193002677,36.73386973758793,84.2187625383985,4.125726632028397,40.7843219829604
Apartment,5 B/R,Off-Plan Properties,Al Jadaf,1906.7802396878485,5,,,36.05374514480537,87.85401224243594,0.020577190184680284,40.78181716868986
Apartment,5 B/R,Existing Properties,Al Kifaf,1908.5326086956525,3,,,36.05374514480537,87.84040653038113,0.010288595092340142,40.77567773605495
Villa,5 B/R,Existing Properties,Al Goze Fourth,483.0602006688964,39,-9.058476900412703,-9.058476900412703,27.573527801130524,98.90803386190338,0.19548330675446268,40.74091794037411
Apartment,Studio,Existing Properties,Al Barshaa South Second,1193.361204013378,141,-1.000008520599327,-1.000008520599327,31.434675715926303,93.39312753754645,0.7202016564638098,40.73584887892722
Apartment,3 B/R,Off-Plan Properties,Al Barsha South Fifth,1134.1731698253438,49,-1.4416467848411774,-1.4416467848411774,31.2230684249747,93.85267421217156,0.2469262822161634,40.69441489008458
Apartment,2 B/R,Existing Properties,Madinat Dubai Almelaheyah,1746.8478260869565,99,5.601558681640828,5.601558681640828,34.59776158236288,89.09575662275391,0.5041411595246669,40.66865985167626
Apartment,3 B/R,Off-Plan Properties,Al Jadaf,1689.3710516536603,596,2.157888448232548,2.157888448232548,32.947755710989526,89.54201676505036,3.060857039971192,40.65387872190516
Apartment,4 B/R,Off-Plan Properties,Madinat Al Mataar,1664.0500743218136,6,4.981243448367412,4.981243448367412,34.300542711904875,89.73861344359761,0.025721487730850354,40.6469454153874
Villa,4 B/R,Off-Plan Properties,Dubai Investment Park First,1153.9269788182833,458,-3.7734154535610687,-3.7734154535610687,30.105820914819123,93.69930204229942,2.350943978599722,40.622307774337415
Apartment,2 B/R,Off-Plan Properties,Al Hebiah Second,957.5668896321071,317,-5.50360112343819,-5.50360112343819,29.276816881225052,95.22387752875548,1.6255980245897423,40.60300961603462
Apartment,1 B/R,Off-Plan Properties,Palm Jumeirah,2221.522668153103,2000,0.8209327069571337,0.8209327069571337,32.3071645180612,85.41029471829684,10.283450794793971,40.60264438167233
Apartment,4 B/R,Off-Plan Properties,Bukadra,1986.1849684132292,2,,,36.05374514480537,87.23749947028789,0.005144297546170071,40.59377675851775
Apartment,3 B/R,Off-Plan Properties,Al Hebiah Fourth,760.7441471571908,161,-7.189435567009856,-7.189435567009856,28.469063367816293,96.75204513958703,0.8230876073872113,40.57785641048006
Villa,3 B/R,Existing Properties,Wadi Al Safa 3,1079.721293199554,133,-3.307249029195397,-3.307249029195397,30.329180669123826,94.27544849710529,0.6790472760944493,40.55011627200001
Apartment,Studio,Off-Plan Properties,Palm Deira,2009.11231884058,2,,,36.05374514480537,87.05948734686811,0.005144297546170071,40.54037312149181
Apartment,3 B/R,Off-Plan Properties,Ras Al Khor Industrial First,2104.9842066146416,216,,,36.05374514480537,86.31512055346126,1.1060239724265652,40.53723901844583
Villa,3 B/R,Off-Plan Properties,Island 2,2056.5022296544034,64,,,36.05374514480537,86.69154345036891,0.32409074540871446,40.49377924211456
Apartment,3 B/R,Existing Properties,Al Kifaf,1765.4580081753995,222,4.24268854275518,4.24268854275518,33.94667028859049,88.95126378040435,1.1368897577035855,40.49142520109822
Apartment,2 B/R,Off-Plan Properties,Al Safouh First,1221.4827201783726,152,-2.036294271415484,-2.036294271415484,30.93814804127294,93.17478696556556,0.7767889294716807,40.483053092073185
Apartment,Studio,Off-Plan Properties,Al Jadaf,1522.4377554812336,1179,-3.909422488925396,-3.909422488925396,30.04065427815278,90.83811727240186,6.059982509388343,40.47969339485934
Apartment,3 B/R,Existing Properties,Wadi Al Safa 5,736.8766257896693,71,-7.519820575100367,-7.519820575100367,28.310762146673074,96.93735692137629,0.3601008282319049,40.477532100728496
Apartment,1 B/R,Existing Properties,Al Kifaf,1609.2196209587514,645,-0.0324449647954638,-0.0324449647954638,31.89827572399769,90.16432706725224,3.3129276197335256,40.47119393372145
Apartment,Studio,Off-Plan Properties,Al Barshaa South Second,1356.6257896692682,1556,-8.138690989406738,-8.138690989406738,28.01423554917302,92.12551156665852,7.99938268429446,40.44322422652566
Apartment,4 B/R,Off-Plan Properties,Ras Al Khor Industrial First,2109.983277591973,135,,,36.05374514480537,86.27630685614281,0.6893358711867894,40.44225728900235
Apartment,3 B/R,Existing Properties,Al Thanyah Third,1180.0752508361204,583,-5.101152892843885,-5.101152892843885,29.469646594407894,93.4962820971731,2.9939811718709812,40.435539501289284
Apartment,5 B/R,Off-Plan Properties,Jumeirah First,2071.6982534373838,12,,,36.05374514480537,86.57355875476628,0.056587273007870774,40.40488313895361
Apartment,3 B/R,Existing Properties,Al Barsha South Fifth,768.3175399479748,102,-7.715056854787871,-7.715056854787871,28.217216311574152,96.69324393896635,0.5195740521631771,40.3987745167522
Villa,4 B/R,Off-Plan Properties,Wadi Al Safa 3,1701.0256410256409,1261,-2.7445783911314914,-2.7445783911314914,30.59877961255575,89.451528411053,6.481814908174289,40.37133334997306
Apartment,3 B/R,Off-Plan Properties,Al Hebiah Second,926.395392047566,70,-6.0641743268779695,-6.0641743268779695,29.00822290610021,95.46589871183029,0.35495653068573485,40.314050082126315
Apartment,3 B/R,Off-Plan Properties,Al Barshaa South Third,1044.0133779264215,138,-5.017495816217865,-5.017495816217865,29.509730184954908,94.55269125312304,0.7047687638252996,40.31065320268394
Apartment,3 B/R,Off-Plan Properties,Um Suqaim Third,2258.929301374954,357,8.529321273027545,8.529321273027545,36.00057460984438,85.11986280681602,1.831369926436545,40.302462671269865
Apartment,2 B/R,Off-Plan Properties,Palm Deira,2042.1307134894096,593,4.610604463407864,4.610604463407864,34.12295413347184,86.8031265186959,3.0454241473326817,40.299204438464045
Villa,6 B/R,Off-Plan Properties,Me'Aisem First,3532.556205871424,35,25.69437257910605,25.69437257910605,44.225065782863346,75.23119161332728,0.1749061165697824,40.294365020457484
Apartment,3 B/R,Off-Plan Properties,Al Kifaf,1710.6029357116313,295,2.139273049770929,2.139273049770929,32.938836298073134,89.37716855123962,1.5124234785740007,40.29116978031594
Apartment,1 B/R,Existing Properties,Zaabeel First,3593.059736157562,25,26.45314582705729,26.45314582705729,44.58862565628406,74.7614311874658,0.1234631411080817,40.28857224697498
Apartment,3 B/R,Off-Plan Properties,Al Barshaa South Second,1170.2029914529917,24,-3.123362567861865,-3.123362567861865,30.417288333418412,93.57293211660338,0.11831884356191162,40.26245873706076
Apartment,3 B/R,Off-Plan Properties,Zaabeel Second,2039.4314381270904,629,4.014597264105602,4.014597264105602,33.83738225475678,86.82408418410358,3.2306188589948044,40.228301928932744
Apartment,4 B/R,Off-Plan Properties,Zaabeel Second,2199.6251393534003,34,,,36.05374514480537,85.5803111190856,0.16976181902361231,40.129543757452545
Apartment,2 B/R,Off-Plan Properties,Al Hebiah Fourth,830.1093924191752,1772,-17.50787796708545,-17.50787796708545,23.525067749890333,96.21348074507728,9.110550954267195,40.09618151433275
Apartment,5 B/R,Existing Properties,Al Thanyah Third,1227.0837978446675,8,-3.2371179415708107,-3.2371179415708107,30.36278339485051,93.13129917869827,0.036010082823190494,40.09170512811432
Apartment,4 B/R,Off-Plan Properties,Jumeirah First,2226.721711259755,43,,,36.05374514480537,85.36992840095465,0.21606049693914295,40.075688677596375
Villa,5 B/R,Off-Plan Properties,Al Hebiah Fourth,2221.048402081011,21,,,36.05374514480537,85.4139770064368,0.10288595092340141,40.066268350037866
Apartment,3 B/R,Existing Properties,Jabal Ali Industrial Second,738.501254180602,78,-10.136939136669854,-10.136939136669854,27.05679161523924,96.9247430107304,0.39611091105509544,39.979361731525835
Villa,5 B/R,Existing Properties,Jumeirah First,2275.1230955035303,10,,,36.05374514480537,84.99413124057226,0.046298677915530634,39.92899716567693
Apartment,5 B/R,Existing Properties,Jumeirah Second,2295.662393162393,2,,,36.05374514480537,84.83466039367303,0.005144297546170071,39.87292503553329
Apartment,5 B/R,Off-Plan Properties,Al Khairan First,2325.472408026756,2,,,36.05374514480537,84.60321001034178,0.005144297546170071,39.80348992053391
Apartment,PENTHOUSE,Existing Properties,Al Barsha South Fourth,602.2770345596433,57,-12.69142744938858,-12.69142744938858,25.83282984519224,97.98241265610729,0.28808066258552395,39.78547186742619
Villa,2 B/R,Off-Plan Properties,Nad Al Shiba First,2353.075994054255,11,,,36.05374514480537,84.38889074225516,0.05144297546170071,39.748453875691034
Apartment,3 B/R,Off-Plan Properties,Bukadra,2394.9860646599777,88,,,36.05374514480537,84.06349332292243,0.4475538865167961,39.730056832102235
Apartment,1 B/R,Off-Plan Properties,Wadi Al Safa 7,850.1054440728353,305,-11.509702066202331,-11.509702066202331,26.399043706697338,96.05822775907882,1.5638664540357015,39.68985910120973
Villa,4 B/R,Existing Properties,Wadi Al Safa 3,1476.1752136752136,317,-3.976102120604153,-3.976102120604153,30.00870528875664,91.19730807064872,1.6255980245897423,39.68779414161522
Apartment,4 B/R,Off-Plan Properties,Al Merkadh,1960.183017465626,234,2.2117840739344974,2.2117840739344974,32.973579350543275,87.4393833519822,1.1986213282576264,39.660971011463495
Apartment,5 B/R,Off-Plan Properties,Ras Al Khor Industrial First,2399.9814195466374,4,,,36.05374514480537,84.0247084780086,0.015432892638510212,39.631997179852426
Apartment,1 B/R,Existing Properties,Jumeirah First,2296.1733556298777,310,5.6581315963772365,5.6581315963772365,34.62486802262833,84.83069318803743,1.5895879417665517,39.61707275381587
Apartment,3 B/R,Existing Properties,Madinat Dubai Almelaheyah,2020.4180602006688,34,3.752941406986232,3.752941406986232,33.712012033085216,86.9717075123547,0.16976181902361231,39.61026943074522
Apartment,3 B/R,Off-Plan Properties,Madinat Dubai Almelaheyah,2141.584680416203,714,1.380870071649576,1.380870071649576,32.57545383635329,86.03094781050822,3.66788415041926,39.57304270777764
Apartment,2 B/R,Off-Plan Properties,Jabal Ali Industrial Second,1031.0604793756968,134,-9.05452518564528,-9.05452518564528,27.575421232303164,94.6532599159854,0.6841915736406193,39.562984782445014
Apartment,1 B/R,Off-Plan Properties,Jumeirah First,2137.5143998513568,805,0.702380273930947,0.702380273930947,32.250361108529965,86.06255020994632,4.136015227120737,39.54611255182003
Villa,7 B/R,Off-Plan Properties,Wadi Al Safa 3,2439.547565960609,1,,,36.05374514480537,83.71750971289153,0.0,39.53675097178961
Apartment,4 B/R,Off-Plan Properties,Al Jadaf,2477.9863433667783,60,,,36.05374514480537,83.4190640460268,0.30351355522403417,39.50791998277499
Apartment,3 B/R,Existing Properties,Zaabeel Second,2564.3162393162397,297,7.930173244297944,7.930173244297944,35.713497828904416,82.74878301458939,1.5227120736663409,39.41457645067185
Apartment,4 B/R,Existing Properties,Burj Khalifa,2875.7074507617986,239,11.6453857564621,11.6453857564621,37.49361091842157,80.33108494959396,1.2243428159884768,39.341638415444514
Villa,4 B/R,Off-Plan Properties,World Islands,2542.236157562245,11,,,36.05374514480537,82.92021678975523,0.05144297546170071,39.30785168994106
Apartment,3 B/R,Off-Plan Properties,Al Wasl,2414.51853400223,865,2.4411114641407217,2.4411114641407217,33.08345965691991,83.91183967440061,4.444673079890941,39.29587038106634
Apartment,4 B/R,Off-Plan Properties,Al Khairan First,1866.5161649944257,127,-0.4595751422429406,-0.4595751422429406,31.693619861832985,88.16662984979618,0.6481814908174289,39.25707319783553
Apartment,4 B/R,Off-Plan Properties,Marsa Dubai,2475.9009197324413,743,3.534757691561952,3.534757691561952,33.607471125539654,83.4352556548459,3.817068779258192,39.23697890252127
Apartment,Studio,Off-Plan Properties,Madinat Dubai Almelaheyah,2291.628112225939,895,0.298318933377828,0.298318933377828,32.05675848716404,84.86598328544135,4.599002006276043,39.20229878175323
Apartment,3 B/R,Off-Plan Properties,Palm Jumeirah,2689.507617985879,1494,1.6443771194237788,1.6443771194237788,32.70171104058778,81.77677435526147,7.680436236431915,39.14980397009993
Villa,7 B/R,Off-Plan Properties,Palm Jumeirah,2633.028613898179,5,,,36.05374514480537,82.21528762691678,0.020577190184680284,39.09019978403411
Apartment,4 B/R,Existing Properties,Business Bay,1476.9449089557786,121,-6.291484175997352,-6.291484175997352,28.8993092877086,91.19133201634128,0.6173157055404085,39.04058646109391
Apartment,4 B/R,Existing Properties,Palm Jumeirah,1547.972408026756,506,-7.649023265206616,-7.649023265206616,28.248855755287405,90.63986158058883,2.5978702608158857,39.01107482845479
Villa,3 B/R,Off-Plan Properties,Me'Aisem First,2478.736529171312,143,5.390741792798082,5.390741792798082,34.49675042833292,83.41323946684363,0.73049025155615,38.96877006169749
Apartment,4 B/R,Off-Plan Properties,Business Bay,2690.847268673356,135,7.959036822552323,7.959036822552323,35.727327571696435,81.76637306339504,0.6893358711867894,38.958710121934445
Villa,5 B/R,Off-Plan Properties,Island 2,2704.493682645857,16,,,36.05374514480537,81.66041982052002,0.07716446319255106,38.93505689671666
Villa,3 B/R,Off-Plan Properties,Nad Al Shiba First,2141.11668524712,448,-0.7712734109472152,-0.7712734109472152,31.544272236015182,86.03458141021538,2.2995010031380216,38.88798351809829
Villa,3 B/R,Existing Properties,Island 2,4731.001486436269,32,32.88189374816402,32.88189374816402,47.66890660551623,65.92624423740841,0.1594732239312722,38.87733055821527
Villa,4 B/R,Off-Plan Properties,Wadi Al Safa 7,741.9504830917874,500,-18.441032732982556,-18.441032732982556,23.077954426525928,96.89796256941483,2.567004475538865,38.81397143654259
Apartment,1 B/R,Off-Plan Properties,Al Safouh Second,2527.955221107395,359,2.8695913518336225,2.8695913518336225,33.28876222149183,83.03109658071956,1.8416585215288852,38.593165567118376
Villa,4 B/R,Off-Plan Properties,Al Merkadh,2857.0877461910068,7,,,36.05374514480537,80.47565172623035,0.030865785277020424,38.57036673284666
Villa,4 B/R,Existing Properties,Al Hebiah First,1178.761612783352,198,-13.206363274501998,-13.206363274501998,25.58610263926675,93.50648142220716,1.013426616595504,38.489070805687945
Apartment,2 B/R,Existing Properties,Jumeirah First,2476.964882943144,306,1.9675139226046132,1.9675139226046132,32.85653934480014,83.4269948507474,1.5690107515818714,38.484516343460655
Apartment,3 B/R,Off-Plan Properties,Jumeirah First,2160.454756596061,211,-1.4285590811413007,-1.4285590811413007,31.22933928904818,85.88443710311037,1.0803024846957148,38.47312734349153
Apartment,Studio,Existing Properties,Hadaeq Sheikh Mohammed Bin Rashid,2110.8695652173915,61,-1.4810321480711377,-1.4810321480711377,31.204197256665623,86.26942555764035,0.30865785277020424,38.424238140512394
Apartment,4 B/R,Off-Plan Properties,Palm Deira,2051.6457636566333,11,-2.121423689642643,-2.121423689642643,30.897358990527398,86.72924993665995,0.05144297546170071,38.388007172301286
Apartment,6 B/R,Existing Properties,Business Bay,2952.8927443329617,3,,,36.05374514480537,79.7318042761067,0.010288595092340142,38.343097059772624
Apartment,3 B/R,Off-Plan Properties,Wadi Al Safa 3,746.5031586770717,264,-20.001460150395488,-20.001460150395488,22.33028864377905,96.86261476720166,1.3529502546427286,38.26148993860066
Apartment,2 B/R,Off-Plan Properties,Al Safouh Second,2633.712839093274,376,2.047829422121139,2.047829422121139,32.89502184654463,82.20997517791565,1.9291115798137763,38.2068236079553
Villa,6 B/R,Off-Plan Properties,Palm Jumeirah,3722.4001300631735,17,16.955644693738805,16.955644693738805,40.03797719949474,73.75720881837682,0.08230876073872113,38.15881527745868
Villa,6 B/R,Off-Plan Properties,World Islands,2143.151709401709,19,-2.5759908103645146,-2.5759908103645146,30.67955694582289,86.01878111213398,0.09259735583106127,38.09597658313557
Apartment,1 B/R,Off-Plan Properties,Island 2,3082.213396506875,11,,,36.05374514480537,78.72773518541727,0.05144297546170071,38.05010720863967
Villa,4 B/R,Existing Properties,Saih Shuaib 2,576.5737643998514,14,-22.21574424689914,-22.21574424689914,21.269332886553816,98.18197752578007,0.06687586810021091,37.975701585975585
Apartment,5 B/R,Existing Properties,Jumeirah First,3144.7473058342625,1,,,36.05374514480537,78.24221052698016,0.0,37.894161216016194
Apartment,3 B/R,Existing Properties,Mirdif,941.4097918989224,203,-20.83412540825923,-20.83412540825923,21.931324030084316,95.3493241775036,1.0391481043263542,37.585156486150076
Apartment,4 B/R,Off-Plan Properties,Um Suqaim Third,2583.1315031586773,100,-0.6698028939885581,-0.6698028939885581,31.592890987929582,82.60269788015974,0.5092854570708369,37.51982285063392
Apartment,2 B/R,Off-Plan Properties,Zaabeel First,3724.19546636938,900,,,36.05374514480537,73.74326950039357,4.6247234940068935,37.469423606841595
Apartment,3 B/R,Off-Plan Properties,Island 2,3424.489966555184,57,,,36.05374514480537,76.07023757250295,0.28808066258552395,37.300185462190136
Apartment,6 B/R,Off-Plan Properties,Burj Khalifa,3475.7000185804536,6,,,36.05374514480537,75.67263340405178,0.025721487730850354,37.12843237668385
Apartment,4 B/R,Off-Plan Properties,Al Thanyah Third,1968.536324786325,19,-9.81797102032873,-9.81797102032873,27.209622527920114,87.37452675294136,0.09259735583106127,37.11472650821667
Apartment,1 B/R,Off-Plan Properties,Zaabeel First,3832.347640282423,787,,,36.05374514480537,72.90355632936102,4.043417871289676,37.101248530988386
Apartment,4 B/R,Existing Properties,Jumeirah First,2633.137309550353,29,-2.1535429194867395,-2.1535429194867395,30.881969329429012,82.21444369408157,0.14404033129276198,37.04592890625463
Apartment,4 B/R,Off-Plan Properties,Al Safouh Second,3425.741360089187,118,6.971754053947166,6.971754053947166,35.254279267273866,76.0605215252463,0.6018828129018983,37.040244727063815
Apartment,3 B/R,Off-Plan Properties,Palm Deira,2052.5645670754366,222,-10.281408451874197,-10.281408451874197,26.987570347764816,86.72211617961705,1.1368897577035855,37.039040944531756
Apartment,7 B/R,Off-Plan Properties,Burj Khalifa,3542.2584541062806,1,,,36.05374514480537,75.15586159140847,0.0,36.968256535344686
Apartment,Studio,Existing Properties,Al Thanyah Third,1312.7104236343368,64,-18.8848476646423,-18.8848476646423,22.865304203534926,92.46647846483569,0.32409074540871446,36.950883369946425
Apartment,5 B/R,Off-Plan Properties,Marsa Dubai,2995.6085098476406,59,1.244136841643373,1.244136841643373,32.5099392495809,79.40015129479674,0.2983692576778641,36.88369493980696
Apartment,2 B/R,Off-Plan Properties,Island 2,3597.955685618729,24,,,36.05374514480537,74.72341814437564,0.11831884356191162,36.86218726994722
Apartment,1 B/R,Existing Properties,Wadi Al Safa 4,822.3030471943516,15,-25.06092346070111,-25.06092346070111,19.906088995678587,96.27409063081275,0.07202016564638099,36.859066820644536
Apartment,5 B/R,Existing Properties,Business Bay,2211.837839093274,27,-8.482400146629598,-8.482400146629598,27.849550173099356,85.48548949456898,0.13375173620042183,36.81221726485052
Apartment,6 B/R,Off-Plan Properties,Business Bay,3659.6880806391678,7,,,36.05374514480537,74.24411658896054,0.030865785277020424,36.700906191665716
Apartment,1 B/R,Existing Properties,Um Suqaim Third,2424.6920289855075,306,-8.190478547533464,-8.190478547533464,27.98942197261618,83.83285080692062,1.5690107515818714,36.65942618143904
Apartment,1 B/R,Existing Properties,Island 2,3644.4370122630994,73,6.9059280624578445,6.9059280624578445,35.22273929245495,74.36252866080662,0.37038942332424507,36.47193219988882
Villa,6 B/R,Off-Plan Properties,Wadi Al Safa 3,3745.336306205872,23,7.452074131195197,7.452074131195197,35.484420626312584,73.57912817049606,0.11317454601574155,36.290141610877
Apartment,2 B/R,Existing Properties,Um Suqaim Third,2375.9875510962465,177,-11.08431389250557,-11.08431389250557,26.60286490229358,84.21100124155504,0.9053963681259324,36.08552560700913
Apartment,5 B/R,Off-Plan Properties,Burj Khalifa,3711.6573764399855,79,5.001483725879563,5.001483725879563,34.31024067206648,73.84061751358993,0.4012552086012655,35.95653256462382
Apartment,4 B/R,Off-Plan Properties,Palm Jumeirah,3420.914622816797,477,-1.253146515794795,-1.253146515794795,31.313386756754735,76.09799719230037,2.4486856319769537,35.84449098678739
Apartment,Studio,Existing Properties,Madinat Dubai Almelaheyah,1767.8836863619474,28,-19.32624678878937,-19.32624678878937,22.653811494565254,88.932430373287,0.1388960337465919,35.76903291656152
Villa,4 B/R,Existing Properties,Al Thanyah Fifth,1409.302303976217,61,-23.98305512175588,-23.98305512175588,20.422540620626098,91.7165215180332,0.30865785277020424,35.74570427421444
Apartment,3 B/R,Off-Plan Properties,Zaabeel First,4167.878576737273,218,,,36.05374514480537,70.2984330439377,1.1163125675189054,35.73429048460724
Apartment,4 B/R,Off-Plan Properties,Burj Khalifa,3386.849684132293,415,-2.130486316040525,-2.130486316040525,30.893016708673137,76.36248357892441,2.1297391841144093,35.69189959396946
Apartment,3 B/R,Existing Properties,Island 2,4328.518208844296,107,10.88385583393614,10.88385583393614,37.12873020736964,69.05119769036502,0.5452955398940275,35.675910498036174
Villa,2 B/R,Off-Plan Properties,World Islands,4099.6841322928285,1,,,36.05374514480537,70.82790712771607,0.0,35.66987019623697
Apartment,3 B/R,Existing Properties,Um Suqaim Third,2797.699739873653,50,-8.263798302239167,-8.263798302239167,27.954291423651757,80.93675102087923,0.25207057976233344,35.51315599167694
Apartment,5 B/R,Off-Plan Properties,Zaabeel First,4226.705685618729,1,,,36.05374514480537,69.84168865911155,0.0,35.37400465565561
Villa,4 B/R,Off-Plan Properties,Hadaeq Sheikh Mohammed Bin Rashid,973.8930694908956,1185,-37.58824296113341,-37.58824296113341,13.903728337635666,95.09711809559704,6.0908482946653635,35.308796422666454
Apartment,5 B/R,Off-Plan Properties,Business Bay,4323.36027499071,4,,,36.05374514480537,69.09124482798106,0.015432892638510212,35.15195808484417
Apartment,3 B/R,Off-Plan Properties,Al Safouh Second,3107.4772389446307,145,-9.495075399996178,-9.495075399996178,27.364335271382238,78.5315821125911,0.7407788466484901,34.65336451165992
Apartment,4 B/R,Existing Properties,Wadi Al Safa 3,761.6727053140098,22,-37.553631159676016,-37.553631159676016,13.92031229363397,96.74483564498198,0.10803024846957147,34.6131816606421
Apartment,5 B/R,Off-Plan Properties,Al Safouh Second,4145.54347826087,11,3.495493564387941,3.495493564387941,33.58865804647565,70.47184681537075,0.05144297546170071,34.587305858293824
Villa,5 B/R,Off-Plan Properties,Me'Aisem First,3779.888052768488,5,-1.4196784144699603,-1.4196784144699603,31.23359438641705,73.3108621188665,0.020577190184680284,34.4908118282637
Apartment,6 B/R,Off-Plan Properties,Marsa Dubai,4653.857302118172,10,,,36.05374514480537,66.52520573116954,0.046298677915530634,34.388319512856114
Apartment,2 B/R,Existing Properties,Island 2,3938.549795615013,105,-0.6912196378685564,-0.6912196378685564,31.582629333719815,72.07898345765415,0.5350069448016873,34.3637481597445
Apartment,4 B/R,Off-Plan Properties,Madinat Dubai Almelaheyah,2315.5239687848384,23,-20.0169112071352,-20.0169112071352,22.32288539880742,84.68045150406684,0.11317454601574155,34.355924519946164
Apartment,Studio,Off-Plan Properties,Jumeirah Second,4680.364176885916,1,,,36.05374514480537,66.31940152899713,0.0,34.317318516621285
Apartment,1 B/R,Off-Plan Properties,Jumeirah Second,4703.4889446302495,14,,,36.05374514480537,66.13985662158179,0.06687586810021091,34.27683021801673
Apartment,4 B/R,Off-Plan Properties,Zaabeel First,4743.088071348941,28,,,36.05374514480537,65.83240179137368,0.1388960337465919,34.19899780208357
Apartment,6 B/R,Off-Plan Properties,Jumeirah Second,4782.028985507247,4,,,36.05374514480537,65.53005744333433,0.015432892638510212,34.08360186945015
Apartment,2 B/R,Off-Plan Properties,Jumeirah Second,4830.695837978447,33,,,36.05374514480537,65.1521991392967,0.16461752147744227,34.00008130400665
Apartment,5 B/R,Off-Plan Properties,Jumeirah Second,5088.5971757710895,3,,,36.05374514480537,63.14980619298832,0.010288595092340142,33.36849763483711
Apartment,5 B/R,Off-Plan Properties,Al Wasl,4025.0418060200673,31,-5.395215900419114,-5.395215900419114,29.32874875687813,71.40744374006508,0.15432892638510212,33.1845984100478
Villa,5 B/R,Existing Properties,Wadi Al Safa 7,534.1778149386846,24,-48.3454904901493,-48.3454904901493,8.749482901908875,98.5111473970172,0.11831884356191162,33.07680114858109
Apartment,5 B/R,Existing Properties,Marsa Dubai,1629.6669453734671,182,-36.02943336898672,-36.02943336898672,14.650618952899237,90.00557031736744,0.9311178558567828,33.04814224754128
Villa,3 B/R,Existing Properties,Al Barsha South Fifth,808.9223337049424,19,-45.18993079689342,-45.18993079689342,10.261443010873244,96.37798092675727,0.09259735583106127,33.036490953542696
Apartment,3 B/R,Existing Properties,Jumeirah First,2755.3892604979565,102,-22.23133320200053,-22.23133320200053,21.261863568732284,81.26525728681003,0.5195740521631771,32.988237423968556
Apartment,3 B/R,Off-Plan Properties,Jumeirah Second,5486.982534373839,60,,,36.05374514480537,60.0566697292292,0.30351355522403417,32.49920168773571
Apartment,3 B/R,Existing Properties,Zaabeel First,4869.352703455965,16,1.0357633054980608,1.0357633054980608,32.41009880761782,64.8520601969357,0.07716446319255106,32.43509047476635
Villa,4 B/R,Existing Properties,Palm Jumeirah,2660.153288740245,75,-29.00614245114788,-29.00614245114788,18.015770220396746,82.00468671247587,0.3806780184165852,31.883849705584776
Apartment,4 B/R,Off-Plan Properties,Island 2,4669.375232255667,30,-4.5672842321020095,-4.5672842321020095,29.72544531062077,66.40472169601648,0.14918462883893205,31.841431558821036
Apartment,4 B/R,Off-Plan Properties,Jumeirah Second,5760.355351170569,26,,,36.05374514480537,57.934153402825565,0.12860743865425175,31.827465566500667
Apartment,7 B/R,Off-Plan Properties,Palm Jumeirah,5952.503716090672,2,,,36.05374514480537,56.44227851045856,0.005144297546170071,31.35521047056895
Villa,6 B/R,Existing Properties,Palm Jumeirah,6022.415923448532,2,,,36.05374514480537,55.89946740264343,0.005144297546170071,31.192367138224412
Apartment,4 B/R,Existing Properties,Al Kifaf,1111.2225938312895,14,-51.685388813281904,-51.685388813281904,7.149198475863635,94.03086666312022,0.06687586810021091,31.082314562901562
Apartment,3 B/R,Existing Properties,Jumeirah Second,6442.811687105165,5,12.75182444692151,12.75182444692151,38.023751789014106,52.63543814630514,0.020577190184680284,31.00424759753412
Apartment,5 B/R,Off-Plan Properties,Palm Jumeirah,2720.9359903381646,82,-35.80332142195735,-35.80332142195735,14.758958606495185,81.53275874971712,0.41668810123977573,30.446748687761165
Apartment,3 B/R,Off-Plan Properties,Al Safouh First,4485.820327015979,20,-18.773143210506248,-18.773143210506248,22.918826461094593,67.82987540269392,0.09774165337723134,29.536041535921456
Villa,5 B/R,Off-Plan Properties,Wadi Al Safa 3,2388.700297287254,179,-49.86267000812595,-49.86267000812595,8.022538989479939,84.1122971653414,0.9156849632182725,28.625841738038048
Villa,5 B/R,Existing Properties,Palm Jumeirah,5626.8938127090305,25,-22.236984729636934,-22.236984729636934,21.25915568640028,58.970373088640905,0.1234631411080817,26.219466829374
Villa,7 B/R,Existing Properties,Palm Jumeirah,2752.625418060201,21,-66.60623389098316,-66.60623389098316,0.0,81.28671626274803,0.10288595092340141,24.40659206900909
Apartment,8 B/R,Off-Plan Properties,Marsa Dubai,9160.235042735045,1,,,36.05374514480537,31.536868414100525,0.0,23.882558582152306
Apartment,4 B/R,Existing Properties,Island 2,4906.061408398365,11,-50.92422412740021,-50.92422412740021,7.513904186823607,64.56704712769805,0.05144297546170071,22.385964408131198
Apartment,9 B/R,Off-Plan Properties,Island 2,10520.772017837236,1,,,36.05374514480537,20.97341160750271,0.0,20.713521540172962
Apartment,5 B/R,Off-Plan Properties,Island 2,11232.669546636938,16,12.97227515943289,12.97227515943289,38.12937890930669,15.446109568809845,0.07716446319255106,19.90101732700414
Apartment,4 B/R,Existing Properties,Jumeirah Second,9811.129691564474,2,-19.363280665369565,-19.363280665369565,22.6360670214725,26.483203843140302,0.005144297546170071,17.000416821040325
Apartment,5 B/R,Off-Plan Properties,Um Suqaim Third,12345.493078781124,3,,,36.05374514480537,6.805945037972464,0.010288595092340142,16.465339288332355
Apartment,2 B/R,Existing Properties,Jumeirah Second,13222.075436640656,1,,,36.05374514480537,0.0,0.0,14.421498057922149
